FIPS,State,County,Bachelorsorhigher
1001,AL,Autauga,21.7
1003,AL,Baldwin,26.8
1005,AL,Barbour,13.5
1007,AL,Bibb,10
1009,AL,Blount,12.5
1011,AL,Bullock,12
1013,AL,Butler,11
1015,AL,Calhoun,16.1
1017,AL,Chambers,10.8
1019,AL,Cherokee,10.5
1021,AL,Chilton,12.2
1023,AL,Choctaw,10.9
1025,AL,Clarke,13.5
1027,AL,Clay,9.5
1029,AL,Cleburne,8.4
1031,AL,Coffee,22.1
1033,AL,Colbert,16.4
1035,AL,Conecuh,9.7
1037,AL,Coosa,10.6
1039,AL,Covington,13.1
1041,AL,Crenshaw,10.1
1043,AL,Cullman,13.8
1045,AL,Dale,17.5
1047,AL,Dallas,14.3
1049,AL,DeKalb,10.9
1051,AL,Elmore,20.2
1053,AL,Escambia,10.9
1055,AL,Etowah,15.8
1057,AL,Fayette,9.5
1059,AL,Franklin,11.8
1061,AL,Geneva,8
1063,AL,Greene,9.9
1065,AL,Hale,10
1067,AL,Henry,15
1069,AL,Houston,19
1071,AL,Jackson,12
1073,AL,Jefferson,28.8
1075,AL,Lamar,9.2
1077,AL,Lauderdale,21.5
1079,AL,Lawrence,10.7
1081,AL,Lee,30.9
1083,AL,Limestone,20.8
1085,AL,Lowndes,12.7
1087,AL,Macon,20.9
1089,AL,Madison,37.4
1091,AL,Marengo,17.9
1093,AL,Marion,8.8
1095,AL,Marshall,14.5
1097,AL,Mobile,19.8
1099,AL,Monroe,11.2
1101,AL,Montgomery,30.5
1103,AL,Morgan,19.1
1105,AL,Perry,13.3
1107,AL,Pickens,11.5
1109,AL,Pike,23.7
1111,AL,Randolph,12.2
1113,AL,Russell,11.9
1115,AL,St. Clair,14.5
1117,AL,Shelby,39.6
1119,AL,Sumter,12.8
1121,AL,Talladega,11.9
1123,AL,Tallapoosa,15.7
1125,AL,Tuscaloosa,26.2
1127,AL,Walker,9.7
1129,AL,Washington,9.3
1131,AL,Wilcox,13.2
1133,AL,Winston,11.1
4001,AZ,Apache,10.3
4003,AZ,Cochise,21.4
4005,AZ,Coconino,31.1
4007,AZ,Gila,15
4009,AZ,Graham,13.4
4011,AZ,Greenlee,13.4
4012,AZ,La Paz,9
4013,AZ,Maricopa,29
4015,AZ,Mohave,12
4017,AZ,Navajo,14.4
4019,AZ,Pima,29.6
4021,AZ,Pinal,17.9
4023,AZ,Santa Cruz,17.3
4025,AZ,Yavapai,23.7
4027,AZ,Yuma,13.3
5001,AR,Arkansas,14.3
5003,AR,Ashley,13.7
5005,AR,Baxter,14.5
5007,AR,Benton,25.9
5009,AR,Boone,14.5
5011,AR,Bradley,12.7
5013,AR,Calhoun,6.6
5015,AR,Carroll,17.4
5017,AR,Chicot,12.6
5019,AR,Clark,21.7
5021,AR,Clay,8.8
5023,AR,Cleburne,13.8
5025,AR,Cleveland,14
5027,AR,Columbia,20.8
5029,AR,Conway,13.8
5031,AR,Craighead,23.1
5033,AR,Crawford,13
5035,AR,Crittenden,14.2
5037,AR,Cross,12.6
5039,AR,Dallas,12.4
5041,AR,Desha,13.6
5043,AR,Drew,19.4
5045,AR,Faulkner,26.4
5047,AR,Franklin,11.6
5049,AR,Fulton,9.7
5051,AR,Garland,20.2
5053,AR,Grant,14.7
5055,AR,Greene,12
5057,AR,Hempstead,14.7
5059,AR,Hot Spring,12.5
5061,AR,Howard,12.4
5063,AR,Independence,14.7
5065,AR,Izard,12.3
5067,AR,Jackson,7
5069,AR,Jefferson,16.5
5071,AR,Johnson,14.8
5073,AR,Lafayette,13.3
5075,AR,Lawrence,9.2
5077,AR,Lee,8.5
5079,AR,Lincoln,8.6
5081,AR,Little River,11.9
5083,AR,Logan,11.7
5085,AR,Lonoke,16.6
5087,AR,Madison,13.4
5089,AR,Marion,14.8
5091,AR,Miller,12.7
5093,AR,Mississippi,11
5095,AR,Monroe,12.3
5097,AR,Montgomery,10.1
5099,AR,Nevada,10.7
5101,AR,Newton,12.2
5103,AR,Ouachita,13.2
5105,AR,Perry,10.5
5107,AR,Phillips,12.1
5109,AR,Pike,12.4
5111,AR,Poinsett,8.8
5113,AR,Polk,10
5115,AR,Pope,20.1
5117,AR,Prairie,11.5
5119,AR,Pulaski,30.7
5121,AR,Randolph,11.1
5123,AR,St. Francis,10.5
5125,AR,Saline,22.6
5127,AR,Scott,9
5129,AR,Searcy,9.2
5131,AR,Sebastian,17.9
5133,AR,Sevier,9.3
5135,AR,Sharp,12.5
5137,AR,Stone,10.4
5139,AR,Union,16.1
5141,AR,Van Buren,13.2
5143,AR,Washington,27.4
5145,AR,White,17.3
5147,AR,Woodruff,9
5149,AR,Yell,10.3
6001,CA,Alameda,40.3
6003,CA,Alpine,29.7
6005,CA,Amador,19
6007,CA,Butte,24.1
6009,CA,Calaveras,19.6
6011,CA,Colusa,11.7
6013,CA,Contra Costa,38.2
6015,CA,Del Norte,14.3
6017,CA,El Dorado,31.1
6019,CA,Fresno,19.7
6021,CA,Glenn,16.2
6023,CA,Humboldt,26.3
6025,CA,Imperial,12.2
6027,CA,Inyo,20.9
6029,CA,Kern,14.7
6031,CA,Kings,11.8
6033,CA,Lake,16.4
6035,CA,Lassen,12.4
6037,CA,Los Angeles,29
6039,CA,Madera,13.5
6041,CA,Marin,54.1
6043,CA,Mariposa,20.4
6045,CA,Mendocino,22.7
6047,CA,Merced,12.5
6049,CA,Modoc,15.6
6051,CA,Mono,29.9
6053,CA,Monterey,23.4
6055,CA,Napa,30
6057,CA,Nevada,31.9
6059,CA,Orange,36
6061,CA,Placer,34.1
6063,CA,Plumas,19.8
6065,CA,Riverside,20.5
6067,CA,Sacramento,27.8
6069,CA,San Benito,18.3
6071,CA,San Bernardino,18.4
6073,CA,San Diego,34.1
6075,CA,San Francisco,51.2
6077,CA,San Joaquin,17.5
6079,CA,San Luis Obispo,30.6
6081,CA,San Mateo,44
6083,CA,Santa Barbara,31
6085,CA,Santa Clara,45.3
6087,CA,Santa Cruz,37.3
6089,CA,Shasta,20
6091,CA,Sierra,23
6093,CA,Siskiyou,22.6
6095,CA,Solano,24
6097,CA,Sonoma,31.5
6099,CA,Stanislaus,16.3
6101,CA,Sutter,18.7
6103,CA,Tehama,12.6
6105,CA,Trinity,19.5
6107,CA,Tulare,13
6109,CA,Tuolumne,17.3
6111,CA,Ventura,30.8
6113,CA,Yolo,37.8
6115,CA,Yuba,12.5
8001,CO,Adams,20.3
8003,CO,Alamosa,26.6
8005,CO,Arapahoe,37.9
8007,CO,Archuleta,39
8009,CO,Baca,19
8011,CO,Bent,13.2
8013,CO,Boulder,57
8015,CO,Chaffee,33.3
8017,CO,Cheyenne,18.5
8019,CO,Clear Creek,41.6
8021,CO,Conejos,18.7
8023,CO,Costilla,14.3
8025,CO,Crowley,12.2
8027,CO,Custer,29.2
8029,CO,Delta,18.3
8031,CO,Denver,40.1
8033,CO,Dolores,14.9
8035,CO,Douglas,54.4
8037,CO,Eagle,45.9
8039,CO,Elbert,29.2
8041,CO,El Paso,34.9
8043,CO,Fremont,16.2
8045,CO,Garfield,24.4
8047,CO,Gilpin,33.7
8049,CO,Grand,28.8
8051,CO,Gunnison,45.8
8053,CO,Hinsdale,42
8055,CO,Huerfano,27.2
8057,CO,Jackson,21.7
8059,CO,Jefferson,39.3
8061,CO,Kiowa,20.1
8063,CO,Kit Carson,14.9
8065,CO,Lake,20.7
8067,CO,La Plata,40.6
8069,CO,Larimer,42.5
8071,CO,Las Animas,19.3
8073,CO,Lincoln,15.3
8075,CO,Logan,18
8077,CO,Mesa,25.4
8079,CO,Mineral,39.1
8081,CO,Moffat,14.9
8083,CO,Montezuma,26.5
8085,CO,Montrose,22.3
8087,CO,Morgan,14.6
8089,CO,Otero,15.4
8091,CO,Ouray,41.3
8093,CO,Park,32.6
8095,CO,Phillips,16
8097,CO,Pitkin,59.7
8099,CO,Prowers,18.3
8101,CO,Pueblo,20.9
8103,CO,Rio Blanco,22.7
8105,CO,Rio Grande,19.2
8107,CO,Routt,45.6
8109,CO,Saguache,19.4
8111,CO,San Juan,30.8
8113,CO,San Miguel,48.8
8115,CO,Sedgwick,12.7
8117,CO,Summit,49.9
8119,CO,Teller,31
8121,CO,Washington,18.3
8123,CO,Weld,25.4
8125,CO,Yuma,17.8
9001,CT,Fairfield,43.6
9003,CT,Hartford,33.3
9005,CT,Litchfield,32.3
9007,CT,Middlesex,37
9009,CT,New Haven,31.7
9011,CT,New London,30.6
9013,CT,Tolland,36.8
9015,CT,Windham,21.3
10001,DE,Kent,20
10003,DE,New Castle,32.4
10005,DE,Sussex,21.2
11001,DC,District of Columbia,49.2
12001,FL,Alachua,40.9
12003,FL,Baker,6.2
12005,FL,Bay,20.4
12007,FL,Bradford,8.6
12009,FL,Brevard,26.2
12011,FL,Broward,29.6
12013,FL,Calhoun,11.6
12015,FL,Charlotte,21.3
12017,FL,Citrus,16.5
12019,FL,Clay,23.8
12021,FL,Collier,30.8
12023,FL,Columbia,14.9
12027,FL,DeSoto,11.6
12029,FL,Dixie,6.2
12031,FL,Duval,24.9
12033,FL,Escambia,23.4
12035,FL,Flagler,22
12037,FL,Franklin,18.8
12039,FL,Gadsden,12.3
12041,FL,Gilchrist,8.6
12043,FL,Glades,11.3
12045,FL,Gulf,13.6
12047,FL,Hamilton,7.8
12049,FL,Hardee,7.5
12051,FL,Hendry,8.2
12053,FL,Hernando,16.2
12055,FL,Highlands,14.6
12057,FL,Hillsborough,28.8
12059,FL,Holmes,11.1
12061,FL,Indian River,26.7
12063,FL,Jackson,12.8
12065,FL,Jefferson,14.7
12067,FL,Lafayette,9
12069,FL,Lake,20.3
12071,FL,Lee,24.6
12073,FL,Leon,41.3
12075,FL,Levy,12.2
12077,FL,Liberty,15.1
12079,FL,Madison,10.6
12081,FL,Manatee,25.6
12083,FL,Marion,17.1
12085,FL,Martin,29.4
12086,FL,Miami-Dade,26.2
12087,FL,Monroe,28.7
12089,FL,Nassau,21.9
12091,FL,Okaloosa,26.8
12093,FL,Okeechobee,11.4
12095,FL,Orange,30.3
12097,FL,Osceola,18.3
12099,FL,Palm Beach,31.8
12101,FL,Pasco,20
12103,FL,Pinellas,27.1
12105,FL,Polk,18
12107,FL,Putnam,12.2
12109,FL,St. Johns,38.7
12111,FL,St. Lucie,17.8
12113,FL,Santa Rosa,24.7
12115,FL,Sarasota,29.1
12117,FL,Seminole,33.6
12119,FL,Sumter,19
12121,FL,Suwannee,10.2
12123,FL,Taylor,12
12125,FL,Union,9.3
12127,FL,Volusia,21
12129,FL,Wakulla,17.3
12131,FL,Walton,25
12133,FL,Washington,12.8
13001,GA,Appling,8.3
13003,GA,Atkinson,8
13005,GA,Bacon,7.4
13007,GA,Baker,12.2
13009,GA,Baldwin,18.4
13011,GA,Banks,10.5
13013,GA,Barrow,14.9
13015,GA,Bartow,16.5
13017,GA,Ben Hill,12.3
13019,GA,Berrien,10.8
13021,GA,Bibb,23.1
13023,GA,Bleckley,10.1
13025,GA,Brantley,4.9
13027,GA,Brooks,15.8
13029,GA,Bryan,27.6
13031,GA,Bulloch,25.2
13033,GA,Burke,9.1
13035,GA,Butts,9.1
13037,GA,Calhoun,8.7
13039,GA,Camden,20.4
13043,GA,Candler,13.2
13045,GA,Carroll,18.3
13047,GA,Catoosa,17.3
13049,GA,Charlton,7.2
13051,GA,Chatham,29
13053,GA,Chattahoochee,31.5
13055,GA,Chattooga,8
13057,GA,Cherokee,33.6
13059,GA,Clarke,41.2
13061,GA,Clay,8.5
13063,GA,Clayton,17.9
13065,GA,Clinch,17.1
13067,GA,Cobb,43.8
13069,GA,Coffee,11
13071,GA,Colquitt,11.2
13073,GA,Columbia,33.8
13075,GA,Cook,10.4
13077,GA,Coweta,25.7
13079,GA,Crawford,13.6
13081,GA,Crisp,11.7
13083,GA,Dade,16.8
13085,GA,Dawson,18.8
13087,GA,Decatur,12.5
13089,GA,DeKalb,38.7
13091,GA,Dodge,13.8
13093,GA,Dooly,9.6
13095,GA,Dougherty,19.6
13097,GA,Douglas,23.7
13099,GA,Early,13.5
13101,GA,Echols,6.1
13103,GA,Effingham,15.5
13105,GA,Elbert,9.6
13107,GA,Emanuel,9.7
13109,GA,Evans,13.4
13111,GA,Fannin,16.2
13113,GA,Fayette,41.5
13115,GA,Floyd,17.9
13117,GA,Forsyth,43.6
13119,GA,Franklin,13.6
13121,GA,Fulton,47.6
13123,GA,Gilmer,13.4
13125,GA,Glascock,10.5
13127,GA,Glynn,26.4
13129,GA,Gordon,12.7
13131,GA,Grady,10.1
13133,GA,Greene,18.9
13135,GA,Gwinnett,34.9
13137,GA,Habersham,18.7
13139,GA,Hall,21
13141,GA,Hancock,10.3
13143,GA,Haralson,11
13145,GA,Harris,27.4
13147,GA,Hart,15.2
13149,GA,Heard,7.3
13151,GA,Henry,24.4
13153,GA,Houston,24.4
13155,GA,Irwin,9.2
13157,GA,Jackson,17.7
13159,GA,Jasper,13.3
13161,GA,Jeff Davis,11.5
13163,GA,Jefferson,8.7
13165,GA,Jenkins,12.8
13167,GA,Johnson,8.9
13169,GA,Jones,17.2
13171,GA,Lamar,9.7
13173,GA,Lanier,9.4
13175,GA,Laurens,15.9
13177,GA,Lee,19.2
13179,GA,Liberty,16.3
13181,GA,Lincoln,9.7
13183,GA,Long,9.1
13185,GA,Lowndes,22.3
13187,GA,Lumpkin,19.5
13189,GA,McDuffie,11.5
13191,GA,McIntosh,15
13193,GA,Macon,10.7
13195,GA,Madison,12.9
13197,GA,Marion,6.8
13199,GA,Meriwether,9.7
13201,GA,Miller,9.4
13205,GA,Mitchell,9.6
13207,GA,Monroe,19
13209,GA,Montgomery,15.5
13211,GA,Morgan,23.8
13213,GA,Murray,6.7
13215,GA,Muscogee,21.6
13217,GA,Newton,19.4
13219,GA,Oconee,44.9
13221,GA,Oglethorpe,11.7
13223,GA,Paulding,20.8
13225,GA,Peach,18
13227,GA,Pickens,22
13229,GA,Pierce,8.8
13231,GA,Pike,15.7
13233,GA,Polk,11.4
13235,GA,Pulaski,5.6
13237,GA,Putnam,18.8
13239,GA,Quitman,7.4
13241,GA,Rabun,24.7
13243,GA,Randolph,13.1
13245,GA,Richmond,20.3
13247,GA,Rockdale,23.6
13249,GA,Schley,8.7
13251,GA,Screven,11.4
13253,GA,Seminole,10.3
13255,GA,Spalding,13.6
13257,GA,Stephens,13.3
13259,GA,Stewart,11
13261,GA,Sumter,18.9
13263,GA,Talbot,10.9
13265,GA,Taliaferro,6.8
13267,GA,Tattnall,11.9
13269,GA,Taylor,7.4
13271,GA,Telfair,8.1
13273,GA,Terrell,9.9
13275,GA,Thomas,19.6
13277,GA,Tift,16.3
13279,GA,Toombs,14.3
13281,GA,Towns,20.8
13283,GA,Treutlen,9.9
13285,GA,Troup,19.4
13287,GA,Turner,13.2
13289,GA,Twiggs,6.7
13291,GA,Union,21.6
13293,GA,Upson,11.3
13295,GA,Walker,12.8
13297,GA,Walton,17.3
13299,GA,Ware,12.2
13301,GA,Warren,4.7
13303,GA,Washington,10.7
13305,GA,Wayne,10.9
13307,GA,Webster,7.9
13309,GA,Wheeler,8.6
13311,GA,White,19.6
13313,GA,Whitfield,15.1
13315,GA,Wilcox,8.8
13317,GA,Wilkes,15.5
13319,GA,Wilkinson,12.1
13321,GA,Worth,9.4
16001,ID,Ada,35
16003,ID,Adams,21.3
16005,ID,Bannock,27.3
16007,ID,Bear Lake,16.7
16009,ID,Benewah,12.1
16011,ID,Bingham,15.9
16013,ID,Blaine,43.2
16015,ID,Boise,23.9
16017,ID,Bonner,22.5
16019,ID,Bonneville,26.2
16021,ID,Boundary,12.9
16023,ID,Butte,17.5
16025,ID,Camas,22.6
16027,ID,Canyon,16.7
16029,ID,Caribou,16.2
16031,ID,Cassia,15.7
16033,ID,Clark,5.3
16035,ID,Clearwater,14.4
16037,ID,Custer,24.5
16039,ID,Elmore,14.6
16041,ID,Franklin,18.5
16043,ID,Fremont,19.8
16045,ID,Gem,12.6
16047,ID,Gooding,11.5
16049,ID,Idaho,12.3
16051,ID,Jefferson,17.8
16053,ID,Jerome,12.1
16055,ID,Kootenai,23.2
16057,ID,Latah,41.8
16059,ID,Lemhi,22.3
16061,ID,Lewis,15.5
16063,ID,Lincoln,11.4
16065,ID,Madison,30
16067,ID,Minidoka,9.4
16069,ID,Nez Perce,18.2
16071,ID,Oneida,15.6
16073,ID,Owyhee,10.3
16075,ID,Payette,13.8
16077,ID,Power,18.9
16079,ID,Shoshone,11.9
16081,ID,Teton,31.6
16083,ID,Twin Falls,16.8
16085,ID,Valley,36.1
16087,ID,Washington,17.4
17001,IL,Adams,21.1
17003,IL,Alexander,9.5
17005,IL,Bond,24.7
17007,IL,Boone,20.8
17009,IL,Brown,10.9
17011,IL,Bureau,16.1
17013,IL,Calhoun,12.5
17015,IL,Carroll,15.9
17017,IL,Cass,12.3
17019,IL,Champaign,41.2
17021,IL,Christian,12.1
17023,IL,Clark,16.4
17025,IL,Clay,13.8
17027,IL,Clinton,18.9
17029,IL,Coles,23.3
17031,IL,Cook,33.2
17033,IL,Crawford,13.5
17035,IL,Cumberland,13
17037,IL,DeKalb,28
17039,IL,De Witt,15.7
17041,IL,Douglas,14.9
17043,IL,DuPage,45.3
17045,IL,Edgar,16.8
17047,IL,Edwards,13.1
17049,IL,Effingham,20
17051,IL,Fayette,14.3
17053,IL,Ford,17.8
17055,IL,Franklin,12.4
17057,IL,Fulton,13.4
17059,IL,Gallatin,10.1
17061,IL,Greene,13.5
17063,IL,Grundy,18.3
17065,IL,Hamilton,12.7
17067,IL,Hancock,19.1
17069,IL,Hardin,11
17071,IL,Henderson,14.9
17073,IL,Henry,20.6
17075,IL,Iroquois,13.7
17077,IL,Jackson,35.4
17079,IL,Jasper,13
17081,IL,Jefferson,14.1
17083,IL,Jersey,16
17085,IL,Jo Daviess,23
17087,IL,Johnson,12.8
17089,IL,Kane,31.8
17091,IL,Kankakee,17.4
17093,IL,Kendall,32.3
17095,IL,Knox,15.2
17097,IL,Lake,41.3
17099,IL,LaSalle,15.8
17101,IL,Lawrence,11.1
17103,IL,Lee,15
17105,IL,Livingston,13.5
17107,IL,Logan,17
17109,IL,McDonough,32.6
17111,IL,McHenry,32.1
17113,IL,McLean,40.4
17115,IL,Macon,20.5
17117,IL,Macoupin,15
17119,IL,Madison,23
17121,IL,Marion,13.6
17123,IL,Marshall,17.1
17125,IL,Mason,16.5
17127,IL,Massac,14.1
17129,IL,Menard,24.2
17131,IL,Mercer,14.5
17133,IL,Monroe,24.7
17135,IL,Montgomery,13.3
17137,IL,Morgan,20.2
17139,IL,Moultrie,13.8
17141,IL,Ogle,17.8
17143,IL,Peoria,28.1
17145,IL,Perry,13.5
17147,IL,Piatt,22.9
17149,IL,Pike,12.7
17151,IL,Pope,8.3
17153,IL,Pulaski,11.9
17155,IL,Putnam,15
17157,IL,Randolph,12
17159,IL,Richland,18.1
17161,IL,Rock Island,21.1
17163,IL,St. Clair,23.9
17165,IL,Saline,14.3
17167,IL,Sangamon,31
17169,IL,Schuyler,17.7
17171,IL,Scott,18
17173,IL,Shelby,14.7
17175,IL,Stark,15.2
17177,IL,Stephenson,17.2
17179,IL,Tazewell,23.1
17181,IL,Union,17.8
17183,IL,Vermilion,13.7
17185,IL,Wabash,15.3
17187,IL,Warren,19.9
17189,IL,Washington,17.1
17191,IL,Wayne,12.1
17193,IL,White,12.2
17195,IL,Whiteside,16.1
17197,IL,Will,30.7
17199,IL,Williamson,21.7
17201,IL,Winnebago,21.1
17203,IL,Woodford,26
18001,IN,Adams,12.2
18003,IN,Allen,26.1
18005,IN,Bartholomew,26.7
18007,IN,Benton,13.7
18009,IN,Blackford,12.2
18011,IN,Boone,38
18013,IN,Brown,21.2
18015,IN,Carroll,14.9
18017,IN,Cass,14.1
18019,IN,Clark,17.8
18021,IN,Clay,13.8
18023,IN,Clinton,13.1
18025,IN,Crawford,11.5
18027,IN,Daviess,12.2
18029,IN,Dearborn,16.9
18031,IN,Decatur,14.8
18033,IN,DeKalb,15.7
18035,IN,Delaware,22.4
18037,IN,Dubois,20.2
18039,IN,Elkhart,18.1
18041,IN,Fayette,8.8
18043,IN,Floyd,22.1
18045,IN,Fountain,10.8
18047,IN,Franklin,16.5
18049,IN,Fulton,14
18051,IN,Gibson,14.3
18053,IN,Grant,15.4
18055,IN,Greene,11.1
18057,IN,Hamilton,53.8
18059,IN,Hancock,24.2
18061,IN,Harrison,14.4
18063,IN,Hendricks,31.2
18065,IN,Henry,13.8
18067,IN,Howard,19.7
18069,IN,Huntington,14.8
18071,IN,Jackson,13.8
18073,IN,Jasper,14.2
18075,IN,Jay,10.7
18077,IN,Jefferson,18.2
18079,IN,Jennings,7.5
18081,IN,Johnson,26.2
18083,IN,Knox,14.9
18085,IN,Kosciusko,20.2
18087,IN,LaGrange,10.4
18089,IN,Lake,18.9
18091,IN,LaPorte,16.7
18093,IN,Lawrence,12.5
18095,IN,Madison,16.6
18097,IN,Marion,27.3
18099,IN,Marshall,17.1
18101,IN,Martin,8.5
18103,IN,Miami,10.2
18105,IN,Monroe,42.7
18107,IN,Montgomery,17.5
18109,IN,Morgan,13.9
18111,IN,Newton,9.5
18113,IN,Noble,13
18115,IN,Ohio,12.1
18117,IN,Orange,12.5
18119,IN,Owen,8.3
18121,IN,Parke,12.7
18123,IN,Perry,8.3
18125,IN,Pike,8.3
18127,IN,Porter,25.2
18129,IN,Posey,18.5
18131,IN,Pulaski,13.6
18133,IN,Putnam,17.6
18135,IN,Randolph,10.4
18137,IN,Ripley,14.8
18139,IN,Rush,13.2
18141,IN,St. Joseph,25.6
18143,IN,Scott,9.9
18145,IN,Shelby,15.2
18147,IN,Spencer,15.9
18149,IN,Starke,11.2
18151,IN,Steuben,18.9
18153,IN,Sullivan,14.1
18155,IN,Switzerland,11.4
18157,IN,Tippecanoe,35.7
18159,IN,Tipton,13.5
18161,IN,Union,15.2
18163,IN,Vanderburgh,21.8
18165,IN,Vermillion,12.3
18167,IN,Vigo,21.3
18169,IN,Wabash,16.3
18171,IN,Warren,13.1
18173,IN,Warrick,25.6
18175,IN,Washington,10.5
18177,IN,Wayne,15.8
18179,IN,Wells,14
18181,IN,White,14.5
18183,IN,Whitley,16.6
19001,IA,Adair,13.6
19003,IA,Adams,15.6
19005,IA,Allamakee,13.5
19007,IA,Appanoose,16.6
19009,IA,Audubon,15
19011,IA,Benton,17.8
19013,IA,Black Hawk,24.6
19015,IA,Boone,19.6
19017,IA,Bremer,26.5
19019,IA,Buchanan,18.5
19021,IA,Buena Vista,22.6
19023,IA,Butler,14.9
19025,IA,Calhoun,18
19027,IA,Carroll,20
19029,IA,Cass,14.5
19031,IA,Cedar,18.6
19033,IA,Cerro Gordo,21.2
19035,IA,Cherokee,19.2
19037,IA,Chickasaw,13.5
19039,IA,Clarke,12.9
19041,IA,Clay,18.5
19043,IA,Clayton,14.9
19045,IA,Clinton,17
19047,IA,Crawford,15
19049,IA,Dallas,40.2
19051,IA,Davis,17
19053,IA,Decatur,17.8
19055,IA,Delaware,14.6
19057,IA,Des Moines,17.6
19059,IA,Dickinson,27.2
19061,IA,Dubuque,25.3
19063,IA,Emmet,18.1
19065,IA,Fayette,16.5
19067,IA,Floyd,14.9
19069,IA,Franklin,14.4
19071,IA,Fremont,17.4
19073,IA,Greene,17.5
19075,IA,Grundy,21.6
19077,IA,Guthrie,18.9
19079,IA,Hamilton,16.4
19081,IA,Hancock,15.4
19083,IA,Hardin,20.2
19085,IA,Harrison,15.5
19087,IA,Henry,19.9
19089,IA,Howard,11.5
19091,IA,Humboldt,15.9
19093,IA,Ida,18.3
19095,IA,Iowa,19.2
19097,IA,Jackson,15
19099,IA,Jasper,16.6
19101,IA,Jefferson,30.1
19103,IA,Johnson,50.8
19105,IA,Jones,15.9
19107,IA,Keokuk,13.8
19109,IA,Kossuth,16.7
19111,IA,Lee,14.8
19113,IA,Linn,29.6
19115,IA,Louisa,13.1
19117,IA,Lucas,10.5
19119,IA,Lyon,15.9
19121,IA,Madison,18.2
19123,IA,Mahaska,17.9
19125,IA,Marion,24
19127,IA,Marshall,18.7
19129,IA,Mills,22.6
19131,IA,Mitchell,16.6
19133,IA,Monona,14.7
19135,IA,Monroe,15.1
19137,IA,Montgomery,17.6
19139,IA,Muscatine,19.8
19141,IA,O'Brien,19.3
19143,IA,Osceola,16.3
19145,IA,Page,16.7
19147,IA,Palo Alto,16.1
19149,IA,Plymouth,19.8
19151,IA,Pocahontas,16.4
19153,IA,Polk,32.8
19155,IA,Pottawattamie,17.3
19157,IA,Poweshiek,21.7
19159,IA,Ringgold,20.8
19161,IA,Sac,18.2
19163,IA,Scott,29.7
19165,IA,Shelby,16.1
19167,IA,Sioux,22.4
19169,IA,Story,47.2
19171,IA,Tama,16.5
19173,IA,Taylor,12.3
19175,IA,Union,15.6
19177,IA,Van Buren,13.5
19179,IA,Wapello,14.9
19181,IA,Warren,26.7
19183,IA,Washington,19.4
19185,IA,Wayne,10.8
19187,IA,Webster,18
19189,IA,Winnebago,19.3
19191,IA,Winneshiek,26.3
19193,IA,Woodbury,20.8
19195,IA,Worth,16
19197,IA,Wright,15.7
20001,KS,Allen,17.7
20003,KS,Anderson,15.9
20005,KS,Atchison,22.3
20007,KS,Barber,18.7
20009,KS,Barton,20.5
20011,KS,Bourbon,20.4
20013,KS,Brown,16.3
20015,KS,Butler,24.8
20017,KS,Chase,18.8
20019,KS,Chautauqua,17
20021,KS,Cherokee,14.5
20023,KS,Cheyenne,16.4
20025,KS,Clark,19.7
20027,KS,Clay,18.9
20029,KS,Cloud,15.2
20031,KS,Coffey,20
20033,KS,Comanche,16.4
20035,KS,Cowley,19.5
20037,KS,Crawford,26.3
20039,KS,Decatur,17.6
20041,KS,Dickinson,19.9
20043,KS,Doniphan,16.3
20045,KS,Douglas,48.3
20047,KS,Edwards,21.1
20049,KS,Elk,17.1
20051,KS,Ellis,33.6
20053,KS,Ellsworth,19.8
20055,KS,Finney,17.3
20057,KS,Ford,17.2
20059,KS,Franklin,18.5
20061,KS,Geary,19.4
20063,KS,Gove,16.9
20065,KS,Graham,24.2
20067,KS,Grant,15.9
20069,KS,Gray,19.8
20071,KS,Greeley,20.7
20073,KS,Greenwood,14.6
20075,KS,Hamilton,14.9
20077,KS,Harper,16.3
20079,KS,Harvey,25.5
20081,KS,Haskell,14.8
20083,KS,Hodgeman,22.9
20085,KS,Jackson,17.7
20087,KS,Jefferson,22.2
20089,KS,Jewell,18.9
20091,KS,Johnson,51.1
20093,KS,Kearny,12.3
20095,KS,Kingman,20.2
20097,KS,Kiowa,20.9
20099,KS,Labette,17.8
20101,KS,Lane,22.2
20103,KS,Leavenworth,28.8
20105,KS,Lincoln,17.1
20107,KS,Linn,13.5
20109,KS,Logan,18
20111,KS,Lyon,23.5
20113,KS,McPherson,25.1
20115,KS,Marion,19.5
20117,KS,Marshall,12.7
20119,KS,Meade,20.9
20121,KS,Miami,23
20123,KS,Mitchell,20.8
20125,KS,Montgomery,18.6
20127,KS,Morris,16.6
20129,KS,Morton,19.1
20131,KS,Nemaha,17.1
20133,KS,Neosho,16.2
20135,KS,Ness,18.9
20137,KS,Norton,17.3
20139,KS,Osage,19.4
20141,KS,Osborne,18
20143,KS,Ottawa,19.6
20145,KS,Pawnee,16.9
20147,KS,Phillips,17.1
20149,KS,Pottawatomie,28.4
20151,KS,Pratt,22.7
20153,KS,Rawlins,19.8
20155,KS,Reno,18.8
20157,KS,Republic,18.6
20159,KS,Rice,20.9
20161,KS,Riley,42.3
20163,KS,Rooks,20.4
20165,KS,Rush,16.2
20167,KS,Russell,20.4
20169,KS,Saline,23.6
20171,KS,Scott,20.3
20173,KS,Sedgwick,27.5
20175,KS,Seward,13.5
20177,KS,Shawnee,28.9
20179,KS,Sheridan,21.8
20181,KS,Sherman,19.1
20183,KS,Smith,14.9
20185,KS,Stafford,20.7
20187,KS,Stanton,14.2
20189,KS,Stevens,13.9
20191,KS,Sumner,18.7
20193,KS,Thomas,23.4
20195,KS,Trego,22.2
20197,KS,Wabaunsee,21.8
20199,KS,Wallace,23.4
20201,KS,Washington,18.2
20203,KS,Wichita,15.9
20205,KS,Wilson,10.7
20207,KS,Woodson,12.8
20209,KS,Wyandotte,15.2
21001,KY,Adair,14.4
21003,KY,Allen,10.6
21005,KY,Anderson,17.3
21007,KY,Ballard,10.7
21009,KY,Barren,15
21011,KY,Bath,13.2
21013,KY,Bell,11.3
21015,KY,Boone,28.2
21017,KY,Bourbon,17.4
21019,KY,Boyd,15.8
21021,KY,Boyle,23.3
21023,KY,Bracken,11.6
21025,KY,Breathitt,10.4
21027,KY,Breckinridge,7.8
21029,KY,Bullitt,11.1
21031,KY,Butler,7.8
21033,KY,Caldwell,14
21035,KY,Calloway,28.2
21037,KY,Campbell,26.3
21039,KY,Carlisle,10.6
21041,KY,Carroll,9.3
21043,KY,Carter,10.2
21045,KY,Casey,9.5
21047,KY,Christian,13.7
21049,KY,Clark,17.7
21051,KY,Clay,7.5
21053,KY,Clinton,3.7
21055,KY,Crittenden,9.3
21057,KY,Cumberland,7.9
21059,KY,Daviess,18.2
21061,KY,Edmonson,7.2
21063,KY,Elliott,7.1
21065,KY,Estill,6.6
21067,KY,Fayette,39.1
21069,KY,Fleming,12.7
21071,KY,Floyd,11.7
21073,KY,Franklin,27.2
21075,KY,Fulton,10.9
21077,KY,Gallatin,9
21079,KY,Garrard,13.8
21081,KY,Grant,10.8
21083,KY,Graves,14.4
21085,KY,Grayson,7.5
21087,KY,Green,11.4
21089,KY,Greenup,14.9
21091,KY,Hancock,10.8
21093,KY,Hardin,18.5
21095,KY,Harlan,11.1
21097,KY,Harrison,13.8
21099,KY,Hart,9.2
21101,KY,Henderson,16.1
21103,KY,Henry,14.1
21105,KY,Hickman,16.5
21107,KY,Hopkins,13.2
21109,KY,Jackson,6.2
21111,KY,Jefferson,28.5
21113,KY,Jessamine,27.4
21115,KY,Johnson,10.5
21117,KY,Kenton,27.5
21119,KY,Knott,12.4
21121,KY,Knox,8.5
21123,KY,Larue,12.1
21125,KY,Laurel,13.6
21127,KY,Lawrence,8.2
21129,KY,Lee,7.8
21131,KY,Leslie,8.1
21133,KY,Letcher,11.7
21135,KY,Lewis,11.6
21137,KY,Lincoln,10.4
21139,KY,Livingston,10.7
21141,KY,Logan,10.3
21143,KY,Lyon,10.8
21145,KY,McCracken,21
21147,KY,McCreary,8
21149,KY,McLean,9.7
21151,KY,Madison,27.4
21153,KY,Magoffin,10.5
21155,KY,Marion,11.4
21157,KY,Marshall,14.8
21159,KY,Martin,8.9
21161,KY,Mason,14.3
21163,KY,Meade,11.5
21165,KY,Menifee,10.3
21167,KY,Mercer,17
21169,KY,Metcalfe,7.2
21171,KY,Monroe,11.6
21173,KY,Montgomery,15.1
21175,KY,Morgan,11.8
21177,KY,Muhlenberg,10.2
21179,KY,Nelson,15.4
21181,KY,Nicholas,9.4
21183,KY,Ohio,9.4
21185,KY,Oldham,37
21187,KY,Owen,18.6
21189,KY,Owsley,5.9
21191,KY,Pendleton,10.5
21193,KY,Perry,11.9
21195,KY,Pike,12
21197,KY,Powell,10.4
21199,KY,Pulaski,14.5
21201,KY,Robertson,7.4
21203,KY,Rockcastle,11.6
21205,KY,Rowan,24.7
21207,KY,Russell,12.7
21209,KY,Scott,26.3
21211,KY,Shelby,23.2
21213,KY,Simpson,15.6
21215,KY,Spencer,16.6
21217,KY,Taylor,14.9
21219,KY,Todd,10
21221,KY,Trigg,15.8
21223,KY,Trimble,13.1
21225,KY,Union,12.4
21227,KY,Warren,27.5
21229,KY,Washington,12.8
21231,KY,Wayne,9
21233,KY,Webster,8.5
21235,KY,Whitley,11.9
21237,KY,Wolfe,7.6
21239,KY,Woodford,33.1
22001,LA,Acadia,10.9
22003,LA,Allen,9.1
22005,LA,Ascension,21.9
22007,LA,Assumption,8.5
22009,LA,Avoyelles,10.2
22011,LA,Beauregard,14.8
22013,LA,Bienville,12.8
22015,LA,Bossier,21.6
22017,LA,Caddo,22
22019,LA,Calcasieu,19.2
22021,LA,Caldwell,11.7
22023,LA,Cameron,11.7
22025,LA,Catahoula,10.5
22027,LA,Claiborne,11.3
22029,LA,Concordia,11
22031,LA,De Soto,13.6
22033,LA,East Baton Rouge,32.9
22035,LA,East Carroll,8.3
22037,LA,East Feliciana,12.4
22039,LA,Evangeline,10.7
22041,LA,Franklin,11.3
22043,LA,Grant,11.8
22045,LA,Iberia,13.4
22047,LA,Iberville,11
22049,LA,Jackson,13.5
22051,LA,Jefferson,23.2
22053,LA,Jefferson Davis,11.6
22055,LA,Lafayette,27.6
22057,LA,Lafourche,14.3
22059,LA,La Salle,13.1
22061,LA,Lincoln,31.8
22063,LA,Livingston,16.4
22065,LA,Madison,10.9
22067,LA,Morehouse,11.1
22069,LA,Natchitoches,21.2
22071,LA,Orleans,31.6
22073,LA,Ouachita,23.5
22075,LA,Plaquemines,17.4
22077,LA,Pointe Coupee,15.3
22079,LA,Rapides,19.4
22081,LA,Red River,12.5
22083,LA,Richland,12.2
22085,LA,Sabine,11.6
22087,LA,St. Bernard,9.9
22089,LA,St. Charles,19.7
22091,LA,St. Helena,11.1
22093,LA,St. James,12.4
22095,LA,St. John the Baptist,15.8
22097,LA,St. Landry,12.5
22099,LA,St. Martin,11.6
22101,LA,St. Mary,10.4
22103,LA,St. Tammany,30.1
22105,LA,Tangipahoa,19.7
22107,LA,Tensas,12.9
22109,LA,Terrebonne,13.8
22111,LA,Union,13.8
22113,LA,Vermilion,11.7
22115,LA,Vernon,15.6
22117,LA,Washington,11.8
22119,LA,Webster,13.5
22121,LA,West Baton Rouge,16.5
22123,LA,West Carroll,9.8
22125,LA,West Feliciana,12.8
22127,LA,Winn,11.2
23001,ME,Androscoggin,18.4
23003,ME,Aroostook,16.2
23005,ME,Cumberland,39.5
23007,ME,Franklin,24.5
23009,ME,Hancock,30.1
23011,ME,Kennebec,24.1
23013,ME,Knox,26.9
23015,ME,Lincoln,31.6
23017,ME,Oxford,18.5
23019,ME,Penobscot,23.3
23021,ME,Piscataquis,15
23023,ME,Sagadahoc,29.6
23025,ME,Somerset,15.3
23027,ME,Waldo,23.1
23029,ME,Washington,19
23031,ME,York,26.7
24001,MD,Allegany,15.9
24003,MD,Anne Arundel,35.7
24005,MD,Baltimore,35.2
24009,MD,Calvert,29
24011,MD,Caroline,15.2
24013,MD,Carroll,31.1
24015,MD,Cecil,20.9
24017,MD,Charles,26.1
24019,MD,Dorchester,16.5
24021,MD,Frederick,35.8
24023,MD,Garrett,17.5
24025,MD,Harford,30.5
24027,MD,Howard,58.3
24029,MD,Kent,30.2
24031,MD,Montgomery,56.7
24033,MD,Prince George's,29.6
24035,MD,Queen Anne's,29.6
24037,MD,St. Mary's,27.4
24039,MD,Somerset,14.3
24041,MD,Talbot,32.7
24043,MD,Washington,18.7
24045,MD,Wicomico,24.7
24047,MD,Worcester,26.1
24510,MD,Baltimore,25.2
25001,MA,Barnstable,40.5
25003,MA,Berkshire,29.6
25005,MA,Bristol,24.7
25007,MA,Dukes,40
25009,MA,Essex,36.1
25011,MA,Franklin,32.5
25013,MA,Hampden,23.8
25015,MA,Hampshire,41.3
25017,MA,Middlesex,49.3
25019,MA,Nantucket,40.2
25021,MA,Norfolk,47.4
25023,MA,Plymouth,32.5
25025,MA,Suffolk,38.9
25027,MA,Worcester,32.9
26001,MI,Alcona,12.4
26003,MI,Alger,16.9
26005,MI,Allegan,19.4
26007,MI,Alpena,15.5
26009,MI,Antrim,23.3
26011,MI,Arenac,10.6
26013,MI,Baraga,11.4
26015,MI,Barry,16.6
26017,MI,Bay,18
26019,MI,Benzie,25.2
26021,MI,Berrien,23.3
26023,MI,Branch,14.1
26025,MI,Calhoun,18.8
26027,MI,Cass,15.8
26029,MI,Charlevoix,24.5
26031,MI,Cheboygan,17.8
26033,MI,Chippewa,18
26035,MI,Clare,10.3
26037,MI,Clinton,27.2
26039,MI,Crawford,14.1
26041,MI,Delta,18.7
26043,MI,Dickinson,17.9
26045,MI,Eaton,24.3
26047,MI,Emmet,29.5
26049,MI,Genesee,19
26051,MI,Gladwin,11.1
26053,MI,Gogebic,18.6
26055,MI,Grand Traverse,28.9
26057,MI,Gratiot,13.5
26059,MI,Hillsdale,14.2
26061,MI,Houghton,26.9
26063,MI,Huron,13.8
26065,MI,Ingham,35.5
26067,MI,Ionia,13.1
26069,MI,Iosco,13.6
26071,MI,Iron,15.1
26073,MI,Isabella,25.8
26075,MI,Jackson,17.5
26077,MI,Kalamazoo,33.4
26079,MI,Kalkaska,11.6
26081,MI,Kent,29.9
26083,MI,Keweenaw,22
26085,MI,Lake,8.5
26087,MI,Lapeer,17
26089,MI,Leelanau,39.4
26091,MI,Lenawee,19.2
26093,MI,Livingston,31.2
26095,MI,Luce,13.5
26097,MI,Mackinac,20.1
26099,MI,Macomb,21.8
26101,MI,Manistee,16.8
26103,MI,Marquette,29.7
26105,MI,Mason,19.4
26107,MI,Mecosta,20.1
26109,MI,Menominee,13.4
26111,MI,Midland,32.2
26113,MI,Missaukee,12.9
26115,MI,Monroe,17
26117,MI,Montcalm,12.7
26119,MI,Montmorency,10.6
26121,MI,Muskegon,16.5
26123,MI,Newaygo,13.2
26125,MI,Oakland,42.2
26127,MI,Oceana,14.3
26129,MI,Ogemaw,10.7
26131,MI,Ontonagon,16.5
26133,MI,Osceola,11.9
26135,MI,Oscoda,8.9
26137,MI,Otsego,19.4
26139,MI,Ottawa,28.8
26141,MI,Presque Isle,14.3
26143,MI,Roscommon,13.6
26145,MI,Saginaw,18
26147,MI,St. Clair,15
26149,MI,St. Joseph,14
26151,MI,Sanilac,11
26153,MI,Schoolcraft,13.2
26155,MI,Shiawassee,14.9
26157,MI,Tuscola,12.4
26159,MI,Van Buren,18.3
26161,MI,Washtenaw,50.8
26163,MI,Wayne,20.2
26165,MI,Wexford,16.4
27001,MN,Aitkin,14.4
27003,MN,Anoka,25.7
27005,MN,Becker,21.3
27007,MN,Beltrami,29.1
27009,MN,Benton,19.6
27011,MN,Big Stone,16
27013,MN,Blue Earth,30.1
27015,MN,Brown,18.5
27017,MN,Carlton,21.4
27019,MN,Carver,42.7
27021,MN,Cass,20.2
27023,MN,Chippewa,15.8
27025,MN,Chisago,17
27027,MN,Clay,31.5
27029,MN,Clearwater,14.5
27031,MN,Cook,32.9
27033,MN,Cottonwood,15.7
27035,MN,Crow Wing,22
27037,MN,Dakota,38.1
27039,MN,Dodge,21.9
27041,MN,Douglas,21.4
27043,MN,Faribault,15.3
27045,MN,Fillmore,19.3
27047,MN,Freeborn,13.8
27049,MN,Goodhue,22.7
27051,MN,Grant,18.1
27053,MN,Hennepin,44
27055,MN,Houston,22
27057,MN,Hubbard,23.3
27059,MN,Isanti,16
27061,MN,Itasca,20.8
27063,MN,Jackson,16.2
27065,MN,Kanabec,13.9
27067,MN,Kandiyohi,21
27069,MN,Kittson,19.1
27071,MN,Koochiching,16.3
27073,MN,Lac qui Parle,16.2
27075,MN,Lake,20.1
27077,MN,Lake of the Woods,18.6
27079,MN,Le Sueur,21.2
27081,MN,Lincoln,17.8
27083,MN,Lyon,25.7
27085,MN,McLeod,18.3
27087,MN,Mahnomen,13.5
27089,MN,Marshall,16
27091,MN,Martin,17.5
27093,MN,Meeker,15.7
27095,MN,Mille Lacs,14.8
27097,MN,Morrison,14.5
27099,MN,Mower,15.9
27101,MN,Murray,15
27103,MN,Nicollet,33.6
27105,MN,Nobles,16
27107,MN,Norman,14.9
27109,MN,Olmsted,39.1
27111,MN,Otter Tail,19.7
27113,MN,Pennington,15.4
27115,MN,Pine,12.9
27117,MN,Pipestone,15.4
27119,MN,Polk,20.6
27121,MN,Pope,18.4
27123,MN,Ramsey,38.9
27125,MN,Red Lake,13
27127,MN,Redwood,16.4
27129,MN,Renville,16
27131,MN,Rice,27.1
27133,MN,Rock,16.8
27135,MN,Roseau,16.4
27137,MN,St. Louis,25.6
27139,MN,Scott,36
27141,MN,Sherburne,24.2
27143,MN,Sibley,13.4
27145,MN,Stearns,23.6
27147,MN,Steele,22
27149,MN,Stevens,23.5
27151,MN,Swift,15.2
27153,MN,Todd,12.2
27155,MN,Traverse,14.7
27157,MN,Wabasha,17.9
27159,MN,Wadena,14.8
27161,MN,Waseca,18.3
27163,MN,Washington,40
27165,MN,Watonwan,15
27167,MN,Wilkin,18.4
27169,MN,Winona,25.1
27171,MN,Wright,23.8
27173,MN,Yellow Medicine,18.4
28001,MS,Adams,19.3
28003,MS,Alcorn,16
28005,MS,Amite,9.2
28007,MS,Attala,17.1
28009,MS,Benton,9.6
28011,MS,Bolivar,20.4
28013,MS,Calhoun,10.1
28015,MS,Carroll,16.4
28017,MS,Chickasaw,11.2
28019,MS,Choctaw,10.9
28021,MS,Claiborne,17.5
28023,MS,Clarke,8.3
28025,MS,Clay,18.1
28027,MS,Coahoma,14.3
28029,MS,Copiah,14.1
28031,MS,Covington,15.8
28033,MS,DeSoto,21.1
28035,MS,Forrest,25.9
28037,MS,Franklin,13.2
28039,MS,George,11
28041,MS,Greene,8.3
28043,MS,Grenada,18.6
28045,MS,Hancock,21.7
28047,MS,Harrison,20
28049,MS,Hinds,27.2
28051,MS,Holmes,11.2
28053,MS,Humphreys,11.5
28055,MS,Issaquena,4.3
28057,MS,Itawamba,12.4
28059,MS,Jackson,18.4
28061,MS,Jasper,11.6
28063,MS,Jefferson,20.5
28065,MS,Jefferson Davis,11.9
28067,MS,Jones,15.8
28069,MS,Kemper,8.9
28071,MS,Lafayette,39.3
28073,MS,Lamar,31.8
28075,MS,Lauderdale,18.8
28077,MS,Lawrence,11.8
28079,MS,Leake,9.6
28081,MS,Lee,20.9
28083,MS,Leflore,16.6
28085,MS,Lincoln,17.2
28087,MS,Lowndes,20.1
28089,MS,Madison,42.6
28091,MS,Marion,12.5
28093,MS,Marshall,10.2
28095,MS,Monroe,13.2
28097,MS,Montgomery,16.3
28099,MS,Neshoba,12.4
28101,MS,Newton,12.7
28103,MS,Noxubee,13.1
28105,MS,Oktibbeha,39.9
28107,MS,Panola,12.5
28109,MS,Pearl River,14.6
28111,MS,Perry,10
28113,MS,Pike,15.7
28115,MS,Pontotoc,11.4
28117,MS,Prentiss,11.8
28119,MS,Quitman,11
28121,MS,Rankin,28
28123,MS,Scott,10.3
28125,MS,Sharkey,17.8
28127,MS,Simpson,14.3
28129,MS,Smith,14.8
28131,MS,Stone,13.5
28133,MS,Sunflower,13
28135,MS,Tallahatchie,9
28137,MS,Tate,14.1
28139,MS,Tippah,10.4
28141,MS,Tishomingo,10.7
28143,MS,Tunica,14.6
28145,MS,Union,14.5
28147,MS,Walthall,14
28149,MS,Warren,24.4
28151,MS,Washington,17.6
28153,MS,Wayne,11.3
28155,MS,Webster,17.2
28157,MS,Wilkinson,9
28159,MS,Winston,14.7
28161,MS,Yalobusha,12.3
28163,MS,Yazoo,11.9
29001,MO,Adair,25.5
29003,MO,Andrew,20.5
29005,MO,Atchison,21
29007,MO,Audrain,14
29009,MO,Barry,12.4
29011,MO,Barton,13.2
29013,MO,Bates,11.7
29015,MO,Benton,12.5
29017,MO,Bollinger,10.1
29019,MO,Boone,45.2
29021,MO,Buchanan,19.4
29023,MO,Butler,14.1
29025,MO,Caldwell,11.8
29027,MO,Callaway,20.4
29029,MO,Camden,21
29031,MO,Cape Girardeau,26.9
29033,MO,Carroll,17.9
29035,MO,Carter,11.1
29037,MO,Cass,21.4
29039,MO,Cedar,11.9
29041,MO,Chariton,14.2
29043,MO,Christian,26.9
29045,MO,Clark,12.9
29047,MO,Clay,30.2
29049,MO,Clinton,17.6
29051,MO,Cole,30.5
29053,MO,Cooper,15.7
29055,MO,Crawford,10.8
29057,MO,Dade,9.1
29059,MO,Dallas,10.7
29061,MO,Daviess,14.4
29063,MO,DeKalb,12
29065,MO,Dent,11.2
29067,MO,Douglas,10.2
29069,MO,Dunklin,10.1
29071,MO,Franklin,16.5
29073,MO,Gasconade,14.1
29075,MO,Gentry,12
29077,MO,Greene,27.5
29079,MO,Grundy,12.8
29081,MO,Harrison,7.6
29083,MO,Henry,15.1
29085,MO,Hickory,8.1
29087,MO,Holt,16.3
29089,MO,Howard,21.6
29091,MO,Howell,14.1
29093,MO,Iron,9.1
29095,MO,Jackson,26.9
29097,MO,Jasper,18.6
29099,MO,Jefferson,16.1
29101,MO,Johnson,24.1
29103,MO,Knox,13.9
29105,MO,Laclede,13
29107,MO,Lafayette,15.9
29109,MO,Lawrence,13.3
29111,MO,Lewis,13
29113,MO,Lincoln,11.9
29115,MO,Linn,14.3
29117,MO,Livingston,19
29119,MO,McDonald,8.9
29121,MO,Macon,15
29123,MO,Madison,10.7
29125,MO,Maries,14.2
29127,MO,Marion,16.9
29129,MO,Mercer,14.2
29131,MO,Miller,11.9
29133,MO,Mississippi,10.5
29135,MO,Moniteau,17.1
29137,MO,Monroe,11.9
29139,MO,Montgomery,12.2
29141,MO,Morgan,11.8
29143,MO,New Madrid,12.2
29145,MO,Newton,18.3
29147,MO,Nodaway,23.7
29149,MO,Oregon,10.2
29151,MO,Osage,13.2
29153,MO,Ozark,11.1
29155,MO,Pemiscot,9.8
29157,MO,Perry,12.2
29159,MO,Pettis,15.8
29161,MO,Phelps,25.3
29163,MO,Pike,12.6
29165,MO,Platte,36.9
29167,MO,Polk,16.6
29169,MO,Pulaski,18.4
29171,MO,Putnam,15.6
29173,MO,Ralls,16.1
29175,MO,Randolph,11.7
29177,MO,Ray,13.5
29179,MO,Reynolds,6.7
29181,MO,Ripley,12.2
29183,MO,St. Charles,33.4
29185,MO,St. Clair,14.1
29186,MO,Ste. Genevieve,11.6
29187,MO,St. Francois,14.8
29189,MO,St. Louis,39.1
29195,MO,Saline,17.7
29197,MO,Schuyler,9.6
29199,MO,Scotland,17.8
29201,MO,Scott,13.7
29203,MO,Shannon,13.7
29205,MO,Shelby,13.4
29207,MO,Stoddard,11.7
29209,MO,Stone,16.8
29211,MO,Sullivan,9.9
29213,MO,Taney,20
29215,MO,Texas,11.8
29217,MO,Vernon,14.3
29219,MO,Warren,16.9
29221,MO,Washington,7.7
29223,MO,Wayne,8.7
29225,MO,Webster,14.7
29227,MO,Worth,12.8
29229,MO,Wright,11.3
29510,MO,St. Louis,26.9
30001,MT,Beaverhead,30.4
30003,MT,Big Horn,12.6
30005,MT,Blaine,17.2
30007,MT,Broadwater,15.2
30009,MT,Carbon,28.5
30011,MT,Carter,15.2
30013,MT,Cascade,23.9
30015,MT,Chouteau,22.5
30017,MT,Custer,19.2
30019,MT,Daniels,19.7
30021,MT,Dawson,18.4
30023,MT,Deer Lodge,18.8
30025,MT,Fallon,15.7
30027,MT,Fergus,23
30029,MT,Flathead,26.7
30031,MT,Gallatin,45
30033,MT,Garfield,14.1
30035,MT,Glacier,15.6
30037,MT,Golden Valley,23.7
30039,MT,Granite,23.9
30041,MT,Hill,20.4
30043,MT,Jefferson,32
30045,MT,Judith Basin,28.5
30047,MT,Lake,25.2
30049,MT,Lewis and Clark,34.7
30051,MT,Liberty,17
30053,MT,Lincoln,16.4
30055,MT,McCone,18.6
30057,MT,Madison,33.8
30059,MT,Meagher,15.8
30061,MT,Mineral,13.6
30063,MT,Missoula,38.4
30065,MT,Musselshell,13.4
30067,MT,Park,31.4
30069,MT,Petroleum,13.8
30071,MT,Phillips,15.8
30073,MT,Pondera,19.3
30075,MT,Powder River,16.1
30077,MT,Powell,18.7
30079,MT,Prairie,13.4
30081,MT,Ravalli,25
30083,MT,Richland,16.6
30085,MT,Roosevelt,17.3
30087,MT,Rosebud,17.6
30089,MT,Sanders,15.6
30091,MT,Sheridan,15.7
30093,MT,Silver Bow,22.9
30095,MT,Stillwater,22.3
30097,MT,Sweet Grass,28.8
30099,MT,Teton,22.9
30101,MT,Toole,17.4
30103,MT,Treasure,20.9
30105,MT,Valley,16.9
30107,MT,Wheatland,16.4
30109,MT,Wibaux,15.9
30111,MT,Yellowstone,29
31001,NE,Adams,21.5
31003,NE,Antelope,16.5
31005,NE,Arthur,17.9
31007,NE,Banner,25.1
31009,NE,Blaine,19.8
31011,NE,Boone,15.8
31013,NE,Box Butte,19.5
31015,NE,Boyd,13.2
31017,NE,Brown,16.8
31019,NE,Buffalo,32
31021,NE,Burt,18.3
31023,NE,Butler,15.7
31025,NE,Cass,23.5
31027,NE,Cedar,15.1
31029,NE,Chase,14.6
31031,NE,Cherry,22.6
31033,NE,Cheyenne,27.1
31035,NE,Clay,16.4
31037,NE,Colfax,12.7
31039,NE,Cuming,15.7
31041,NE,Custer,18
31043,NE,Dakota,10.8
31045,NE,Dawes,36.5
31047,NE,Dawson,14.7
31049,NE,Deuel,18.2
31051,NE,Dixon,13
31053,NE,Dodge,17.3
31055,NE,Douglas,35.8
31057,NE,Dundy,25.9
31059,NE,Fillmore,17.6
31061,NE,Franklin,16.3
31063,NE,Frontier,19.8
31065,NE,Furnas,16.3
31067,NE,Gage,19.1
31069,NE,Garden,20.2
31071,NE,Garfield,13.8
31073,NE,Gosper,16.4
31075,NE,Grant,17.3
31077,NE,Greeley,12.5
31079,NE,Hall,16.3
31081,NE,Hamilton,21.8
31083,NE,Harlan,16.9
31085,NE,Hayes,16.6
31087,NE,Hitchcock,13.7
31089,NE,Holt,16.1
31091,NE,Hooker,22.1
31093,NE,Howard,13.9
31095,NE,Jefferson,14.7
31097,NE,Johnson,11.8
31099,NE,Kearney,25
31101,NE,Keith,19.5
31103,NE,Keya Paha,14
31105,NE,Kimball,19.8
31107,NE,Knox,17.5
31109,NE,Lancaster,35.3
31111,NE,Lincoln,19
31113,NE,Logan,18.8
31115,NE,Loup,10
31117,NE,McPherson,24.3
31119,NE,Madison,20
31121,NE,Merrick,13.5
31123,NE,Morrill,21
31125,NE,Nance,11.6
31127,NE,Nemaha,23
31129,NE,Nuckolls,12.4
31131,NE,Otoe,21.5
31133,NE,Pawnee,14.8
31135,NE,Perkins,18.4
31137,NE,Phelps,22.7
31139,NE,Pierce,14.3
31141,NE,Platte,18.9
31143,NE,Polk,16.1
31145,NE,Red Willow,21.6
31147,NE,Richardson,15.2
31149,NE,Rock,23.3
31151,NE,Saline,15.3
31153,NE,Sarpy,36.1
31155,NE,Saunders,23.7
31157,NE,Scotts Bluff,19.5
31159,NE,Seward,27.3
31161,NE,Sheridan,22.6
31163,NE,Sherman,15.7
31165,NE,Sioux,26
31167,NE,Stanton,12
31169,NE,Thayer,16.1
31171,NE,Thomas,16.2
31173,NE,Thurston,13.2
31175,NE,Valley,17.1
31177,NE,Washington,29.1
31179,NE,Wayne,28
31181,NE,Webster,12.7
31183,NE,Wheeler,23.5
31185,NE,York,21.5
32001,NV,Churchill,18.2
32003,NV,Clark,21.7
32005,NV,Douglas,25.9
32007,NV,Elko,15.8
32009,NV,Esmeralda,21.1
32011,NV,Eureka,17.8
32013,NV,Humboldt,13.4
32015,NV,Lander,12.9
32017,NV,Lincoln,15.8
32019,NV,Lyon,12.7
32021,NV,Mineral,8.2
32023,NV,Nye,10.5
32027,NV,Pershing,12.4
32029,NV,Storey,13.9
32031,NV,Washoe,26.7
32033,NV,White Pine,13.4
32510,NV,Carson City,21.6
33001,NH,Belknap,26.9
33003,NH,Carroll,30.3
33005,NH,Cheshire,29.8
33007,NH,Coos,16.1
33009,NH,Grafton,35.3
33011,NH,Hillsborough,34.5
33013,NH,Merrimack,32.7
33015,NH,Rockingham,36.6
33017,NH,Strafford,30
33019,NH,Sullivan,25.9
34001,NJ,Atlantic,23.6
34003,NJ,Bergen,44.5
34005,NJ,Burlington,33.5
34007,NJ,Camden,27.9
34009,NJ,Cape May,26.4
34011,NJ,Cumberland,13.3
34013,NJ,Essex,31.6
34015,NJ,Gloucester,26.9
34017,NJ,Hudson,34.6
34019,NJ,Hunterdon,47.5
34021,NJ,Mercer,38.2
34023,NJ,Middlesex,38.4
34025,NJ,Monmouth,39.2
34027,NJ,Morris,48.4
34029,NJ,Ocean,24.3
34031,NJ,Passaic,25.2
34033,NJ,Salem,18.3
34035,NJ,Somerset,49.8
34037,NJ,Sussex,31.4
34039,NJ,Union,31.2
34041,NJ,Warren,28.6
35001,NM,Bernalillo,31.5
35003,NM,Catron,21.3
35005,NM,Chaves,15.7
35006,NM,Cibola,11.5
35007,NM,Colfax,19.9
35009,NM,Curry,18.2
35011,NM,De Baca,19.7
35013,NM,Dona Ana,25.4
35015,NM,Eddy,15.1
35017,NM,Grant,24.1
35019,NM,Guadalupe,7.4
35021,NM,Harding,18.2
35023,NM,Hidalgo,15.6
35025,NM,Lea,12.9
35027,NM,Lincoln,23.9
35028,NM,Los Alamos,64
35029,NM,Luna,13.5
35031,NM,McKinley,10.9
35033,NM,Mora,15.4
35035,NM,Otero,17.7
35037,NM,Quay,14.8
35039,NM,Rio Arriba,16.1
35041,NM,Roosevelt,21.2
35043,NM,Sandoval,28.4
35045,NM,San Juan,15
35047,NM,San Miguel,23.3
35049,NM,Santa Fe,40
35051,NM,Sierra,16.8
35053,NM,Socorro,22.3
35055,NM,Taos,30.1
35057,NM,Torrance,14
35059,NM,Union,17.8
35061,NM,Valencia,16.8
36001,NY,Albany,37.6
36003,NY,Allegany,18.6
36005,NY,Bronx,17.6
36007,NY,Broome,25.1
36009,NY,Cattaraugus,18.1
36011,NY,Cayuga,18.4
36013,NY,Chautauqua,20.3
36015,NY,Chemung,20.9
36017,NY,Chenango,17
36019,NY,Clinton,21.7
36021,NY,Columbia,28.2
36023,NY,Cortland,24.3
36025,NY,Delaware,19.1
36027,NY,Dutchess,32
36029,NY,Erie,29.1
36031,NY,Essex,25.5
36033,NY,Franklin,17.3
36035,NY,Fulton,14.3
36037,NY,Genesee,20.2
36039,NY,Greene,19.2
36041,NY,Hamilton,25.9
36043,NY,Herkimer,18.2
36045,NY,Jefferson,20.2
36047,NY,Kings,28.8
36049,NY,Lewis,14.4
36051,NY,Livingston,23.4
36053,NY,Madison,23.7
36055,NY,Monroe,34.8
36057,NY,Montgomery,15.9
36059,NY,Nassau,40.9
36061,NY,New York,57
36063,NY,Niagara,19.6
36065,NY,Oneida,21.5
36067,NY,Onondaga,32
36069,NY,Ontario,31
36071,NY,Orange,27.7
36073,NY,Orleans,15.1
36075,NY,Oswego,15.7
36077,NY,Otsego,25.5
36079,NY,Putnam,38
36081,NY,Queens,29.5
36083,NY,Rensselaer,26.7
36085,NY,Richmond,28.5
36087,NY,Rockland,40.7
36089,NY,St. Lawrence,18.7
36091,NY,Saratoga,34.6
36093,NY,Schenectady,28.7
36095,NY,Schoharie,21
36097,NY,Schuyler,17.4
36099,NY,Seneca,18.1
36101,NY,Steuben,19.9
36103,NY,Suffolk,31.9
36105,NY,Sullivan,20.3
36107,NY,Tioga,22.7
36109,NY,Tompkins,49.7
36111,NY,Ulster,29.5
36113,NY,Warren,27.3
36115,NY,Washington,16.8
36117,NY,Wayne,21.5
36119,NY,Westchester,44.5
36121,NY,Wyoming,14.8
36123,NY,Yates,22.1
37001,NC,Alamance,21.4
37003,NC,Alexander,11.8
37005,NC,Alleghany,16.1
37007,NC,Anson,8.4
37009,NC,Ashe,17.2
37011,NC,Avery,20.3
37013,NC,Beaufort,19
37015,NC,Bertie,10.1
37017,NC,Bladen,9.8
37019,NC,Brunswick,23.4
37021,NC,Buncombe,31.2
37023,NC,Burke,15.1
37025,NC,Cabarrus,23.5
37027,NC,Caldwell,12.3
37029,NC,Camden,19
37031,NC,Carteret,23.8
37033,NC,Caswell,11.1
37035,NC,Catawba,19.4
37037,NC,Chatham,35.1
37039,NC,Cherokee,15.9
37041,NC,Chowan,15.7
37043,NC,Clay,18.6
37045,NC,Cleveland,15.7
37047,NC,Columbus,12
37049,NC,Craven,21.3
37051,NC,Cumberland,21.8
37053,NC,Currituck,17.2
37055,NC,Dare,32.1
37057,NC,Davidson,16.3
37059,NC,Davie,23.6
37061,NC,Duplin,10.1
37063,NC,Durham,44.1
37065,NC,Edgecombe,10.1
37067,NC,Forsyth,31.2
37069,NC,Franklin,15.2
37071,NC,Gaston,18.1
37073,NC,Gates,10.5
37075,NC,Graham,13
37077,NC,Granville,13.8
37079,NC,Greene,9.2
37081,NC,Guilford,32.4
37083,NC,Halifax,11.4
37085,NC,Harnett,16
37087,NC,Haywood,20.6
37089,NC,Henderson,27.3
37091,NC,Hertford,15.7
37093,NC,Hoke,15.1
37095,NC,Hyde,11.7
37097,NC,Iredell,21.6
37099,NC,Jackson,27
37101,NC,Johnston,19.3
37103,NC,Jones,10.7
37105,NC,Lee,18
37107,NC,Lenoir,14.5
37109,NC,Lincoln,17.8
37111,NC,McDowell,14
37113,NC,Macon,19.5
37115,NC,Madison,19.2
37117,NC,Martin,12.2
37119,NC,Mecklenburg,40
37121,NC,Mitchell,14.4
37123,NC,Montgomery,14.8
37125,NC,Moore,29.8
37127,NC,Nash,19.1
37129,NC,New Hanover,36.1
37131,NC,Northampton,12
37133,NC,Onslow,17.7
37135,NC,Orange,54.4
37137,NC,Pamlico,17.5
37139,NC,Pasquotank,18.7
37141,NC,Pender,17.8
37143,NC,Perquimans,18.1
37145,NC,Person,13.8
37147,NC,Pitt,28.2
37149,NC,Polk,27.2
37151,NC,Randolph,13
37153,NC,Richmond,10
37155,NC,Robeson,12.1
37157,NC,Rockingham,12.5
37159,NC,Rowan,17
37161,NC,Rutherford,14.6
37163,NC,Sampson,12.4
37165,NC,Scotland,14
37167,NC,Stanly,15.3
37169,NC,Stokes,10.9
37171,NC,Surry,14.9
37173,NC,Swain,18.6
37175,NC,Transylvania,27
37177,NC,Tyrrell,8.4
37179,NC,Union,29.1
37181,NC,Vance,10.7
37183,NC,Wake,47.4
37185,NC,Warren,13.9
37187,NC,Washington,11.8
37189,NC,Watauga,37.1
37191,NC,Wayne,16.2
37193,NC,Wilkes,12.3
37195,NC,Wilson,17.5
37197,NC,Yadkin,11.2
37199,NC,Yancey,15.2
38001,ND,Adams,18.4
38003,ND,Barnes,25.8
38005,ND,Benson,9.8
38007,ND,Billings,16.8
38009,ND,Bottineau,21.6
38011,ND,Bowman,19.7
38013,ND,Burke,17.6
38015,ND,Burleigh,32.3
38017,ND,Cass,36.4
38019,ND,Cavalier,17.8
38021,ND,Dickey,19.1
38023,ND,Divide,19.2
38025,ND,Dunn,15.1
38027,ND,Eddy,17.8
38029,ND,Emmons,13.7
38031,ND,Foster,18.2
38033,ND,Golden Valley,19.5
38035,ND,Grand Forks,33.3
38037,ND,Grant,16.4
38039,ND,Griggs,19
38041,ND,Hettinger,19.7
38043,ND,Kidder,16
38045,ND,LaMoure,20
38047,ND,Logan,12.5
38049,ND,McHenry,14.3
38051,ND,McIntosh,16.1
38053,ND,McKenzie,21.2
38055,ND,McLean,17.4
38057,ND,Mercer,16.7
38059,ND,Morton,22.3
38061,ND,Mountrail,19.9
38063,ND,Nelson,21.4
38065,ND,Oliver,19.4
38067,ND,Pembina,16.7
38069,ND,Pierce,11.1
38071,ND,Ramsey,20.9
38073,ND,Ransom,17.7
38075,ND,Renville,20.3
38077,ND,Richland,22.4
38079,ND,Rolette,16.5
38081,ND,Sargent,15
38083,ND,Sheridan,14.7
38085,ND,Sioux,12.3
38087,ND,Slope,28.1
38089,ND,Stark,23.1
38091,ND,Steele,18.4
38093,ND,Stutsman,22.7
38095,ND,Towner,20.2
38097,ND,Traill,26.3
38099,ND,Walsh,15.8
38101,ND,Ward,25.8
38103,ND,Wells,19.6
38105,ND,Williams,19.3
39001,OH,Adams,10.7
39003,OH,Allen,15.8
39005,OH,Ashland,17.5
39007,OH,Ashtabula,12.9
39009,OH,Athens,27.3
39011,OH,Auglaize,15.5
39013,OH,Belmont,14.1
39015,OH,Brown,9.8
39017,OH,Butler,25.9
39019,OH,Carroll,12
39021,OH,Champaign,15.3
39023,OH,Clark,16.2
39025,OH,Clermont,24.8
39027,OH,Clinton,14.7
39029,OH,Columbiana,12.4
39031,OH,Coshocton,11.6
39033,OH,Crawford,10.5
39035,OH,Cuyahoga,28.2
39037,OH,Darke,11.3
39039,OH,Defiance,16.3
39041,OH,Delaware,49.5
39043,OH,Erie,20.1
39045,OH,Fairfield,24.4
39047,OH,Fayette,13.1
39049,OH,Franklin,35
39051,OH,Fulton,14.9
39053,OH,Gallia,14.3
39055,OH,Geauga,34
39057,OH,Greene,34.5
39059,OH,Guernsey,11.2
39061,OH,Hamilton,32.5
39063,OH,Hancock,24.4
39065,OH,Hardin,15.1
39067,OH,Harrison,9
39069,OH,Henry,13.1
39071,OH,Highland,9.7
39073,OH,Hocking,10.2
39075,OH,Holmes,9.4
39077,OH,Huron,12.1
39079,OH,Jackson,12
39081,OH,Jefferson,14.1
39083,OH,Knox,19
39085,OH,Lake,24.2
39087,OH,Lawrence,12.9
39089,OH,Licking,22.1
39091,OH,Logan,14.3
39093,OH,Lorain,20.6
39095,OH,Lucas,23
39097,OH,Madison,15.6
39099,OH,Mahoning,20.4
39101,OH,Marion,12
39103,OH,Medina,29.5
39105,OH,Meigs,10.3
39107,OH,Mercer,15.4
39109,OH,Miami,20
39111,OH,Monroe,9.2
39113,OH,Montgomery,24.3
39115,OH,Morgan,8.7
39117,OH,Morrow,13.6
39119,OH,Muskingum,14.2
39121,OH,Noble,9.1
39123,OH,Ottawa,18.9
39125,OH,Paulding,10.7
39127,OH,Perry,8.9
39129,OH,Pickaway,13.5
39131,OH,Pike,12.6
39133,OH,Portage,24.9
39135,OH,Preble,12
39137,OH,Putnam,18.1
39139,OH,Richland,14.9
39141,OH,Ross,13.1
39143,OH,Sandusky,13.1
39145,OH,Scioto,12.7
39147,OH,Seneca,16.1
39149,OH,Shelby,14
39151,OH,Stark,20.4
39153,OH,Summit,29.2
39155,OH,Trumbull,16.3
39157,OH,Tuscarawas,14.3
39159,OH,Union,27.3
39161,OH,Van Wert,14.1
39163,OH,Vinton,9.2
39165,OH,Warren,35.9
39167,OH,Washington,16
39169,OH,Wayne,19.1
39171,OH,Williams,12.9
39173,OH,Wood,29.3
39175,OH,Wyandot,13.4
40001,OK,Adair,10.6
40003,OK,Alfalfa,17.9
40005,OK,Atoka,14.5
40007,OK,Beaver,17.9
40009,OK,Beckham,14.7
40011,OK,Blaine,15.9
40013,OK,Bryan,20.3
40015,OK,Caddo,13.7
40017,OK,Canadian,25.3
40019,OK,Carter,16.4
40021,OK,Cherokee,23.8
40023,OK,Choctaw,11.5
40025,OK,Cimarron,16.9
40027,OK,Cleveland,31.2
40029,OK,Coal,9.1
40031,OK,Comanche,19.8
40033,OK,Cotton,18.6
40035,OK,Craig,13.5
40037,OK,Creek,14.9
40039,OK,Custer,25
40041,OK,Delaware,14.3
40043,OK,Dewey,19.2
40045,OK,Ellis,23.3
40047,OK,Garfield,21.8
40049,OK,Garvin,15.4
40051,OK,Grady,16.8
40053,OK,Grant,20.8
40055,OK,Greer,13
40057,OK,Harmon,15.5
40059,OK,Harper,17.1
40061,OK,Haskell,13.4
40063,OK,Hughes,11.8
40065,OK,Jackson,21.2
40067,OK,Jefferson,11.2
40069,OK,Johnston,19
40071,OK,Kay,19.9
40073,OK,Kingfisher,17.1
40075,OK,Kiowa,16.4
40077,OK,Latimer,13.8
40079,OK,Le Flore,11.4
40081,OK,Lincoln,13.7
40083,OK,Logan,23.2
40085,OK,Love,13.9
40087,OK,McClain,17.9
40089,OK,McCurtain,12.3
40091,OK,McIntosh,11.1
40093,OK,Major,16.4
40095,OK,Marshall,15.9
40097,OK,Mayes,11.9
40099,OK,Murray,13.3
40101,OK,Muskogee,17.5
40103,OK,Noble,17.5
40105,OK,Nowata,12.6
40107,OK,Okfuskee,10.9
40109,OK,Oklahoma,28.2
40111,OK,Okmulgee,13.5
40113,OK,Osage,17.8
40115,OK,Ottawa,13.1
40117,OK,Pawnee,16.1
40119,OK,Payne,34
40121,OK,Pittsburg,15.1
40123,OK,Pontotoc,26.2
40125,OK,Pottawatomie,16.6
40127,OK,Pushmataha,11.6
40129,OK,Roger Mills,20.1
40131,OK,Rogers,21.2
40133,OK,Seminole,13.3
40135,OK,Sequoyah,12.2
40137,OK,Stephens,16.5
40139,OK,Texas,20.3
40141,OK,Tillman,14.6
40143,OK,Tulsa,28.8
40145,OK,Wagoner,20.8
40147,OK,Washington,26.1
40149,OK,Washita,16.4
40151,OK,Woods,28.5
40153,OK,Woodward,17.4
41001,OR,Baker,20.5
41003,OR,Benton,47.9
41005,OR,Clackamas,31.4
41007,OR,Clatsop,21.6
41009,OR,Columbia,16.8
41011,OR,Coos,18.3
41013,OR,Crook,15.4
41015,OR,Curry,18.5
41017,OR,Deschutes,29.1
41019,OR,Douglas,15.5
41021,OR,Gilliam,18.8
41023,OR,Grant,17.2
41025,OR,Harney,16.2
41027,OR,Hood River,25.9
41029,OR,Jackson,24.4
41031,OR,Jefferson,15.9
41033,OR,Josephine,16.5
41035,OR,Klamath,18.1
41037,OR,Lake,16.4
41039,OR,Lane,27.7
41041,OR,Lincoln,23.8
41043,OR,Linn,16.3
41045,OR,Malheur,13.8
41047,OR,Marion,20.9
41049,OR,Morrow,11.5
41051,OR,Multnomah,37.5
41053,OR,Polk,28.1
41055,OR,Sherman,15.4
41057,OR,Tillamook,20
41059,OR,Umatilla,14.6
41061,OR,Union,20.3
41063,OR,Wallowa,21.1
41065,OR,Wasco,21.5
41067,OR,Washington,38.9
41069,OR,Wheeler,18.2
41071,OR,Yamhill,23
42001,PA,Adams,18.5
42003,PA,Allegheny,34.1
42005,PA,Armstrong,13.9
42007,PA,Beaver,19.2
42009,PA,Bedford,12.5
42011,PA,Berks,21.7
42013,PA,Blair,17.3
42015,PA,Bradford,15.7
42017,PA,Bucks,34.5
42019,PA,Butler,28.8
42021,PA,Cambria,17.5
42023,PA,Cameron,14.9
42025,PA,Carbon,14.6
42027,PA,Centre,40
42029,PA,Chester,47.8
42031,PA,Clarion,17.2
42033,PA,Clearfield,12.3
42035,PA,Clinton,16.7
42037,PA,Columbia,18.3
42039,PA,Crawford,18.3
42041,PA,Cumberland,32.3
42043,PA,Dauphin,27.1
42045,PA,Delaware,34.7
42047,PA,Elk,16.2
42049,PA,Erie,23.3
42051,PA,Fayette,13.9
42053,PA,Forest,9.6
42055,PA,Franklin,18.3
42057,PA,Fulton,9.9
42059,PA,Greene,14.6
42061,PA,Huntingdon,13.8
42063,PA,Indiana,19.2
42065,PA,Jefferson,12
42067,PA,Juniata,10.8
42069,PA,Lackawanna,23.7
42071,PA,Lancaster,23.3
42073,PA,Lawrence,18.6
42075,PA,Lebanon,18.3
42077,PA,Lehigh,27
42079,PA,Luzerne,20.2
42081,PA,Lycoming,18.8
42083,PA,McKean,15.6
42085,PA,Mercer,19
42087,PA,Mifflin,11.1
42089,PA,Monroe,23.8
42091,PA,Montgomery,44.2
42093,PA,Montour,25
42095,PA,Northampton,26.3
42097,PA,Northumberland,13.5
42099,PA,Perry,14
42101,PA,Philadelphia,22.2
42103,PA,Pike,23.3
42105,PA,Potter,12.4
42107,PA,Schuylkill,13.6
42109,PA,Snyder,15.3
42111,PA,Somerset,14.3
42113,PA,Sullivan,11.4
42115,PA,Susquehanna,15.4
42117,PA,Tioga,17.7
42119,PA,Union,22.2
42121,PA,Venango,14.1
42123,PA,Warren,16.9
42125,PA,Washington,24.2
42127,PA,Wayne,17.9
42129,PA,Westmoreland,24
42131,PA,Wyoming,16.8
42133,PA,York,21.5
44001,RI,Bristol,41.1
44003,RI,Kent,29.2
44005,RI,Newport,43.4
44007,RI,Providence,25.6
44009,RI,Washington,41.7
45001,SC,Abbeville,15.3
45003,SC,Aiken,23.5
45005,SC,Allendale,13.2
45007,SC,Anderson,18
45009,SC,Bamberg,17.4
45011,SC,Barnwell,11.5
45013,SC,Beaufort,37.4
45015,SC,Berkeley,18.3
45017,SC,Calhoun,20.3
45019,SC,Charleston,37.5
45021,SC,Cherokee,11.7
45023,SC,Chester,11.2
45025,SC,Chesterfield,11.1
45027,SC,Clarendon,13.2
45029,SC,Colleton,13.6
45031,SC,Darlington,15.9
45033,SC,Dillon,9.2
45035,SC,Dorchester,24.1
45037,SC,Edgefield,16.3
45039,SC,Fairfield,15.9
45041,SC,Florence,20.8
45043,SC,Georgetown,21.8
45045,SC,Greenville,30
45047,SC,Greenwood,22
45049,SC,Hampton,11
45051,SC,Horry,21.8
45053,SC,Jasper,9.4
45055,SC,Kershaw,18.5
45057,SC,Lancaster,15.4
45059,SC,Laurens,14.5
45061,SC,Lee,8.5
45063,SC,Lexington,27.6
45065,SC,McCormick,16
45067,SC,Marion,12.9
45069,SC,Marlboro,8.6
45071,SC,Newberry,19.3
45073,SC,Oconee,21.4
45075,SC,Orangeburg,16.7
45077,SC,Pickens,23.5
45079,SC,Richland,36.5
45081,SC,Saluda,12.6
45083,SC,Spartanburg,19.9
45085,SC,Sumter,17.4
45087,SC,Union,12.9
45089,SC,Williamsburg,11.3
45091,SC,York,26.9
46003,SD,Aurora,12.2
46005,SD,Beadle,19.7
46007,SD,Bennett,15.7
46009,SD,Bon Homme,15.4
46011,SD,Brookings,37.7
46013,SD,Brown,24.1
46015,SD,Brule,25.2
46017,SD,Buffalo,8.3
46019,SD,Butte,19.2
46021,SD,Campbell,16.9
46023,SD,Charles Mix,15.5
46025,SD,Clark,12.5
46027,SD,Clay,40.4
46029,SD,Codington,22.7
46031,SD,Corson,14.3
46033,SD,Custer,28.6
46035,SD,Davison,21.5
46037,SD,Day,17.7
46039,SD,Deuel,17.8
46041,SD,Dewey,12.6
46043,SD,Douglas,16
46045,SD,Edmunds,20.5
46047,SD,Fall River,20.2
46049,SD,Faulk,15.5
46051,SD,Grant,15.5
46053,SD,Gregory,14.7
46055,SD,Haakon,20
46057,SD,Hamlin,16.7
46059,SD,Hand,17.1
46061,SD,Hanson,18.9
46063,SD,Harding,34.3
46065,SD,Hughes,33.3
46067,SD,Hutchinson,21.7
46069,SD,Hyde,16.8
46071,SD,Jackson,19.4
46073,SD,Jerauld,11
46075,SD,Jones,15.6
46077,SD,Kingsbury,20.3
46079,SD,Lake,22.1
46081,SD,Lawrence,31.8
46083,SD,Lincoln,36.9
46085,SD,Lyman,19.8
46087,SD,McCook,20.4
46089,SD,McPherson,14.8
46091,SD,Marshall,16.7
46093,SD,Meade,21
46095,SD,Mellette,14.9
46097,SD,Miner,17.5
46099,SD,Minnehaha,28.9
46101,SD,Moody,21.7
46103,SD,Pennington,27.8
46105,SD,Perkins,17.8
46107,SD,Potter,19.9
46109,SD,Roberts,15
46111,SD,Sanborn,15.3
46113,SD,Shannon,16.1
46115,SD,Spink,15.9
46117,SD,Stanley,27.7
46119,SD,Sully,25.1
46121,SD,Todd,18.1
46123,SD,Tripp,16
46125,SD,Turner,21.5
46127,SD,Union,29.1
46129,SD,Walworth,21.3
46135,SD,Yankton,26.8
46137,SD,Ziebach,12
47001,TN,Anderson,22.1
47003,TN,Bedford,12.8
47005,TN,Benton,12.6
47007,TN,Bledsoe,8.8
47009,TN,Blount,20.6
47011,TN,Bradley,19.2
47013,TN,Campbell,9.2
47015,TN,Cannon,11.1
47017,TN,Carroll,15.5
47019,TN,Carter,14.9
47021,TN,Cheatham,17.9
47023,TN,Chester,13.8
47025,TN,Claiborne,11.1
47027,TN,Clay,11
47029,TN,Cocke,7.8
47031,TN,Coffee,19
47033,TN,Crockett,12.2
47035,TN,Cumberland,15.6
47037,TN,Davidson,34
47039,TN,Decatur,10.4
47041,TN,DeKalb,11.7
47043,TN,Dickson,14.9
47045,TN,Dyer,14.5
47047,TN,Fayette,18.9
47049,TN,Fentress,10.1
47051,TN,Franklin,16.5
47053,TN,Gibson,14.8
47055,TN,Giles,12.1
47057,TN,Grainger,7.3
47059,TN,Greene,14
47061,TN,Grundy,8
47063,TN,Hamblen,15.6
47065,TN,Hamilton,27
47067,TN,Hancock,7.4
47069,TN,Hardeman,10.7
47071,TN,Hardin,9.4
47073,TN,Hawkins,12.4
47075,TN,Haywood,12.9
47077,TN,Henderson,11.8
47079,TN,Henry,14.8
47081,TN,Hickman,10.6
47083,TN,Houston,7.5
47085,TN,Humphreys,13.2
47087,TN,Jackson,9.4
47089,TN,Jefferson,13.5
47091,TN,Johnson,10.1
47093,TN,Knox,33.8
47095,TN,Lake,5.2
47097,TN,Lauderdale,9.9
47099,TN,Lawrence,11
47101,TN,Lewis,11.2
47103,TN,Lincoln,15.8
47105,TN,Loudon,22.6
47107,TN,McMinn,13.9
47109,TN,McNairy,10.9
47111,TN,Macon,7.6
47113,TN,Madison,24.5
47115,TN,Marion,13.3
47117,TN,Marshall,11.5
47119,TN,Maury,16.1
47121,TN,Meigs,9
47123,TN,Monroe,10.4
47125,TN,Montgomery,22.3
47127,TN,Moore,12.6
47129,TN,Morgan,6.3
47131,TN,Obion,11.9
47133,TN,Overton,10.5
47135,TN,Perry,10.6
47137,TN,Pickett,12
47139,TN,Polk,10.1
47141,TN,Putnam,21.7
47143,TN,Rhea,11.2
47145,TN,Roane,16.7
47147,TN,Robertson,14.2
47149,TN,Rutherford,26.3
47151,TN,Scott,9.9
47153,TN,Sequatchie,13.3
47155,TN,Sevier,15.2
47157,TN,Shelby,27.8
47159,TN,Smith,12.8
47161,TN,Stewart,11.5
47163,TN,Sullivan,20
47165,TN,Sumner,23
47167,TN,Tipton,13.8
47169,TN,Trousdale,10
47171,TN,Unicoi,12.2
47173,TN,Union,6.3
47175,TN,Van Buren,9
47177,TN,Warren,10.9
47179,TN,Washington,27.9
47181,TN,Wayne,8.7
47183,TN,Weakley,18.4
47185,TN,White,11
47187,TN,Williamson,51.8
47189,TN,Wilson,24
48001,TX,Anderson,11.3
48003,TX,Andrews,12.4
48005,TX,Angelina,15.9
48007,TX,Aransas,23.9
48009,TX,Archer,18.8
48011,TX,Armstrong,25.9
48013,TX,Atascosa,11
48015,TX,Austin,17.9
48017,TX,Bailey,18.5
48019,TX,Bandera,24
48021,TX,Bastrop,17.9
48023,TX,Baylor,24.5
48025,TX,Bee,9.2
48027,TX,Bell,21.2
48029,TX,Bexar,25.3
48031,TX,Blanco,25.4
48033,TX,Borden,19.1
48035,TX,Bosque,14.8
48037,TX,Bowie,18.1
48039,TX,Brazoria,26.1
48041,TX,Brazos,39.3
48043,TX,Brewster,30.4
48045,TX,Briscoe,15
48047,TX,Brooks,12.5
48049,TX,Brown,15
48051,TX,Burleson,10.5
48053,TX,Burnet,21.4
48055,TX,Caldwell,14.3
48057,TX,Calhoun,14.7
48059,TX,Callahan,17.1
48061,TX,Cameron,14.5
48063,TX,Camp,14.9
48065,TX,Carson,23.6
48067,TX,Cass,12.9
48069,TX,Castro,14.9
48071,TX,Chambers,16.2
48073,TX,Cherokee,11.8
48075,TX,Childress,15.7
48077,TX,Clay,19.3
48079,TX,Cochran,11.7
48081,TX,Coke,11.8
48083,TX,Coleman,13.7
48085,TX,Collin,48.3
48087,TX,Collingsworth,18.3
48089,TX,Colorado,15.3
48091,TX,Comal,32.6
48093,TX,Comanche,18.1
48095,TX,Concho,10.5
48097,TX,Cooke,19.5
48099,TX,Coryell,15.4
48101,TX,Cottle,15.9
48103,TX,Crane,13.1
48105,TX,Crockett,9.1
48107,TX,Crosby,13.3
48109,TX,Culberson,13.8
48111,TX,Dallam,8.4
48113,TX,Dallas,28
48115,TX,Dawson,8.7
48117,TX,Deaf Smith,13.2
48119,TX,Delta,15
48121,TX,Denton,39.5
48123,TX,DeWitt,12.1
48125,TX,Dickens,12.7
48127,TX,Dimmit,12.6
48129,TX,Donley,16.6
48131,TX,Duval,8.5
48133,TX,Eastland,15.5
48135,TX,Ector,13.1
48137,TX,Edwards,22.1
48139,TX,Ellis,21
48141,TX,El Paso,19.3
48143,TX,Erath,24
48145,TX,Falls,9.8
48147,TX,Fannin,14.7
48149,TX,Fayette,17.6
48151,TX,Fisher,15.2
48153,TX,Floyd,17.1
48155,TX,Foard,15.6
48157,TX,Fort Bend,40.4
48159,TX,Franklin,23.6
48161,TX,Freestone,14
48163,TX,Frio,8.1
48165,TX,Gaines,12.9
48167,TX,Galveston,26.3
48169,TX,Garza,8.6
48171,TX,Gillespie,26.8
48173,TX,Glasscock,16.4
48175,TX,Goliad,18
48177,TX,Gonzales,13.9
48179,TX,Gray,12.2
48181,TX,Grayson,19.2
48183,TX,Gregg,20.3
48185,TX,Grimes,11.3
48187,TX,Guadalupe,24
48189,TX,Hale,14.1
48191,TX,Hall,15.2
48193,TX,Hamilton,23.4
48195,TX,Hansford,20.2
48197,TX,Hardeman,14.7
48199,TX,Hardin,15.4
48201,TX,Harris,27.7
48203,TX,Harrison,16.2
48205,TX,Hartley,19.8
48207,TX,Haskell,11.7
48209,TX,Hays,35
48211,TX,Hemphill,16.3
48213,TX,Henderson,14.2
48215,TX,Hidalgo,15.1
48217,TX,Hill,15.3
48219,TX,Hockley,18
48221,TX,Hood,23.9
48223,TX,Hopkins,16.7
48225,TX,Houston,13.4
48227,TX,Howard,10.1
48229,TX,Hudspeth,10.5
48231,TX,Hunt,17
48233,TX,Hutchinson,13
48235,TX,Irion,12.3
48237,TX,Jack,10.5
48239,TX,Jackson,16.9
48241,TX,Jasper,14
48243,TX,Jeff Davis,34.3
48245,TX,Jefferson,17.8
48247,TX,Jim Hogg,12.4
48249,TX,Jim Wells,10.6
48251,TX,Johnson,16.1
48253,TX,Jones,9.3
48255,TX,Karnes,8.4
48257,TX,Kaufman,17.2
48259,TX,Kendall,35.5
48261,TX,Kenedy,17.9
48263,TX,Kent,19.4
48265,TX,Kerr,27
48267,TX,Kimble,20.3
48269,TX,King,36.8
48271,TX,Kinney,14.5
48273,TX,Kleberg,20.4
48275,TX,Knox,12.9
48277,TX,Lamar,17.4
48279,TX,Lamb,13.8
48281,TX,Lampasas,17.3
48283,TX,La Salle,8.1
48285,TX,Lavaca,14
48287,TX,Lee,14.5
48289,TX,Leon,12.6
48291,TX,Liberty,8.8
48293,TX,Limestone,12
48295,TX,Lipscomb,22.5
48297,TX,Live Oak,14
48299,TX,Llano,26
48301,TX,Loving,17.9
48303,TX,Lubbock,27.5
48305,TX,Lynn,15.9
48307,TX,McCulloch,20.4
48309,TX,McLennan,20.6
48311,TX,McMullen,10.5
48313,TX,Madison,11.5
48315,TX,Marion,11.2
48317,TX,Martin,12.6
48319,TX,Mason,28.9
48321,TX,Matagorda,14.1
48323,TX,Maverick,13.7
48325,TX,Medina,19.3
48327,TX,Menard,13.9
48329,TX,Midland,23.9
48331,TX,Milam,13.5
48333,TX,Mills,18.7
48335,TX,Mitchell,9.4
48337,TX,Montague,16.7
48339,TX,Montgomery,29.7
48341,TX,Moore,13.7
48343,TX,Morris,17.3
48345,TX,Motley,18.5
48347,TX,Nacogdoches,24
48349,TX,Navarro,15.7
48351,TX,Newton,8.6
48353,TX,Nolan,17.1
48355,TX,Nueces,19.9
48357,TX,Ochiltree,17.9
48359,TX,Oldham,29.8
48361,TX,Orange,12.5
48363,TX,Palo Pinto,13.7
48365,TX,Panola,11.4
48367,TX,Parker,22.4
48369,TX,Parmer,15.7
48371,TX,Pecos,11.3
48373,TX,Polk,10.6
48375,TX,Potter,15
48377,TX,Presidio,17.8
48379,TX,Rains,12.1
48381,TX,Randall,30.1
48383,TX,Reagan,10
48385,TX,Real,19.4
48387,TX,Red River,8.6
48389,TX,Reeves,7.6
48391,TX,Refugio,11.2
48393,TX,Roberts,34.1
48395,TX,Robertson,15.8
48397,TX,Rockwall,35.6
48399,TX,Runnels,16.4
48401,TX,Rusk,14.8
48403,TX,Sabine,12.2
48405,TX,San Augustine,11.9
48407,TX,San Jacinto,9.6
48409,TX,San Patricio,15.1
48411,TX,San Saba,18.1
48413,TX,Schleicher,17.4
48415,TX,Scurry,16.3
48417,TX,Shackelford,27.6
48419,TX,Shelby,13.5
48421,TX,Sherman,19.1
48423,TX,Smith,24.5
48425,TX,Somervell,28.4
48427,TX,Starr,9.8
48429,TX,Stephens,12.2
48431,TX,Sterling,22.7
48433,TX,Stonewall,22.4
48435,TX,Sutton,11.8
48437,TX,Swisher,14.6
48439,TX,Tarrant,28.7
48441,TX,Taylor,24.2
48443,TX,Terrell,20.7
48445,TX,Terry,14.3
48447,TX,Throckmorton,16.7
48449,TX,Titus,13.7
48451,TX,Tom Green,21.6
48453,TX,Travis,43.5
48455,TX,Trinity,11.2
48457,TX,Tyler,12.2
48459,TX,Upshur,15.1
48461,TX,Upton,12.7
48463,TX,Uvalde,16.1
48465,TX,Val Verde,15.8
48467,TX,Van Zandt,12.1
48469,TX,Victoria,16.9
48471,TX,Walker,17.1
48473,TX,Waller,19.6
48475,TX,Ward,10
48477,TX,Washington,25.8
48479,TX,Webb,16.7
48481,TX,Wharton,15.4
48483,TX,Wheeler,15.1
48485,TX,Wichita,20
48487,TX,Wilbarger,15.9
48489,TX,Willacy,8.6
48491,TX,Williamson,37.3
48493,TX,Wilson,18.2
48495,TX,Winkler,9.8
48497,TX,Wise,15.6
48499,TX,Wood,16.5
48501,TX,Yoakum,15
48503,TX,Young,13.6
48505,TX,Zapata,9.6
48507,TX,Zavala,7.7
49001,UT,Beaver,10.4
49003,UT,Box Elder,22.7
49005,UT,Cache,35.1
49007,UT,Carbon,14.2
49009,UT,Daggett,18.8
49011,UT,Davis,33.8
49013,UT,Duchesne,16
49015,UT,Emery,13.2
49017,UT,Garfield,19.6
49019,UT,Grand,24.3
49021,UT,Iron,28.2
49023,UT,Juab,13.1
49025,UT,Kane,23.7
49027,UT,Millard,19.3
49029,UT,Morgan,27.1
49031,UT,Piute,16.2
49033,UT,Rich,22.2
49035,UT,Salt Lake,30.1
49037,UT,San Juan,17.2
49039,UT,Sanpete,18.7
49041,UT,Sevier,16.9
49043,UT,Summit,50.8
49045,UT,Tooele,18.6
49047,UT,Uintah,14.7
49049,UT,Utah,35.5
49051,UT,Wasatch,31.1
49053,UT,Washington,24
49055,UT,Wayne,22.7
49057,UT,Weber,22.5
50001,VT,Addison,32.6
50003,VT,Bennington,31.1
50005,VT,Caledonia,27.5
50007,VT,Chittenden,44.8
50009,VT,Essex,15.9
50011,VT,Franklin,21.2
50013,VT,Grand Isle,28.6
50015,VT,Lamoille,34.6
50017,VT,Orange,29.2
50019,VT,Orleans,19.9
50021,VT,Rutland,26.3
50023,VT,Washington,37.4
50025,VT,Windham,33.8
50027,VT,Windsor,32.8
51001,VA,Accomack,18
51003,VA,Albemarle,51.6
51005,VA,Alleghany,14.9
51007,VA,Amelia,13.1
51009,VA,Amherst,15.6
51011,VA,Appomattox,11.8
51013,VA,Arlington,70.1
51015,VA,Augusta,19.1
51017,VA,Bath,11.5
51019,VA,Bedford,24.2
51021,VA,Bland,12
51023,VA,Botetourt,22.9
51025,VA,Brunswick,11.9
51027,VA,Buchanan,8.9
51029,VA,Buckingham,12.4
51031,VA,Campbell,16.3
51033,VA,Caroline,15.5
51035,VA,Carroll,11.7
51036,VA,Charles City,10.9
51037,VA,Charlotte,15.1
51041,VA,Chesterfield,35.7
51043,VA,Clarke,29.2
51045,VA,Craig,13.6
51047,VA,Culpeper,21.6
51049,VA,Cumberland,12.5
51051,VA,Dickenson,8.6
51053,VA,Dinwiddie,13.1
51057,VA,Essex,16.6
51059,VA,Fairfax,58
51061,VA,Fauquier,30.8
51063,VA,Floyd,19.3
51065,VA,Fluvanna,25.8
51067,VA,Franklin,15.2
51069,VA,Frederick,23.1
51071,VA,Giles,16.1
51073,VA,Gloucester,19.2
51075,VA,Goochland,30.7
51077,VA,Grayson,10.3
51079,VA,Greene,20
51081,VA,Greensville,5.5
51083,VA,Halifax,13.2
51085,VA,Hanover,33
51087,VA,Henrico,38.9
51089,VA,Henry,10.9
51091,VA,Highland,21.4
51093,VA,Isle of Wight,25.1
51095,VA,James City,45
51097,VA,King and Queen,9.9
51099,VA,King George,30.5
51101,VA,King William,19.8
51103,VA,Lancaster,27.7
51105,VA,Lee,12
51107,VA,Loudoun,57.2
51109,VA,Louisa,17.9
51111,VA,Lunenburg,10
51113,VA,Madison,20.7
51115,VA,Mathews,20.6
51117,VA,Mecklenburg,13.4
51119,VA,Middlesex,27.5
51121,VA,Montgomery,39.4
51125,VA,Nelson,22.9
51127,VA,New Kent,22.6
51131,VA,Northampton,18.8
51133,VA,Northumberland,22.3
51135,VA,Nottoway,11.6
51137,VA,Orange,21.5
51139,VA,Page,11.1
51141,VA,Patrick,9.5
51143,VA,Pittsylvania,12.8
51145,VA,Powhatan,21.9
51147,VA,Prince Edward,18.5
51149,VA,Prince George,17.2
51153,VA,Prince William,37.5
51155,VA,Pulaski,13.9
51157,VA,Rappahannock,37.4
51159,VA,Richmond,9.8
51161,VA,Roanoke,32.6
51163,VA,Rockbridge,21.8
51165,VA,Rockingham,21.9
51167,VA,Russell,10.7
51169,VA,Scott,10.3
51171,VA,Shenandoah,17.5
51173,VA,Smyth,14.6
51175,VA,Southampton,12.6
51177,VA,Spotsylvania,29.9
51179,VA,Stafford,35.4
51181,VA,Surry,13.6
51183,VA,Sussex,10
51185,VA,Tazewell,14.3
51187,VA,Warren,21.4
51191,VA,Washington,20.5
51193,VA,Westmoreland,15.9
51195,VA,Wise,11.3
51197,VA,Wythe,14
51199,VA,York,41.5
51510,VA,Alexandria,60.4
51515,VA,Bedford,20.8
51520,VA,Bristol,19.7
51530,VA,Buena Vista,16.5
51540,VA,Charlottesville,46.7
51550,VA,Chesapeake,27.9
51570,VA,Colonial Heights,20
51580,VA,Covington,10.4
51590,VA,Danville,16.2
51595,VA,Emporia,15.4
51600,VA,Fairfax,53.2
51610,VA,Falls Church,71
51620,VA,Franklin,19
51630,VA,Fredericksburg,31.9
51640,VA,Galax,12.7
51650,VA,Hampton,21.8
51660,VA,Harrisonburg,33.3
51670,VA,Hopewell,10.9
51678,VA,Lexington,44.4
51680,VA,Lynchburg,28.3
51683,VA,Manassas,28.3
51685,VA,Manassas Park,21.9
51690,VA,Martinsville,20.4
51700,VA,Newport News,23.5
51710,VA,Norfolk,23.7
51720,VA,Norton,20.6
51730,VA,Petersburg,15.2
51735,VA,Poquoson,36
51740,VA,Portsmouth,18.7
51750,VA,Radford,35.1
51760,VA,Richmond,32.6
51770,VA,Roanoke,21.9
51775,VA,Salem,29.1
51790,VA,Staunton,28.5
51800,VA,Suffolk,25.1
51810,VA,Virginia Beach,31.9
51820,VA,Waynesboro,21.8
51830,VA,Williamsburg,43.3
51840,VA,Winchester,29.7
53001,WA,Adams,13.4
53003,WA,Asotin,18.2
53005,WA,Benton,27.6
53007,WA,Chelan,23.2
53009,WA,Clallam,23.3
53011,WA,Clark,25.7
53013,WA,Columbia,20
53015,WA,Cowlitz,14.7
53017,WA,Douglas,17.3
53019,WA,Ferry,16.7
53021,WA,Franklin,14.6
53023,WA,Garfield,17.7
53025,WA,Grant,14.4
53027,WA,Grays Harbor,14.5
53029,WA,Island,29.8
53031,WA,Jefferson,34.8
53033,WA,King,45.2
53035,WA,Kitsap,28
53037,WA,Kittitas,31.9
53039,WA,Klickitat,17.9
53041,WA,Lewis,15
53043,WA,Lincoln,20.3
53045,WA,Mason,17.9
53047,WA,Okanogan,17.7
53049,WA,Pacific,16.8
53051,WA,Pend Oreille,17.9
53053,WA,Pierce,23.4
53055,WA,San Juan,44.9
53057,WA,Skagit,23.2
53059,WA,Skamania,19.7
53061,WA,Snohomish,28.2
53063,WA,Spokane,27.9
53065,WA,Stevens,19.2
53067,WA,Thurston,31.6
53069,WA,Wahkiakum,15.3
53071,WA,Walla Walla,24.2
53073,WA,Whatcom,31.7
53075,WA,Whitman,47.4
53077,WA,Yakima,15.6
54001,WV,Barbour,13.3
54003,WV,Berkeley,19.7
54005,WV,Boone,8.2
54007,WV,Braxton,9.5
54009,WV,Brooke,15.6
54011,WV,Cabell,23
54013,WV,Calhoun,8
54015,WV,Clay,8.3
54017,WV,Doddridge,8
54019,WV,Fayette,10.7
54021,WV,Gilmer,12.2
54023,WV,Grant,11.5
54025,WV,Greenbrier,17.2
54027,WV,Hampshire,9.4
54029,WV,Hancock,15.3
54031,WV,Hardy,9.5
54033,WV,Harrison,17.6
54035,WV,Jackson,14.5
54037,WV,Jefferson,27.7
54039,WV,Kanawha,23.4
54041,WV,Lewis,12
54043,WV,Lincoln,7.7
54045,WV,Logan,8.9
54047,WV,McDowell,6.3
54049,WV,Marion,19.2
54051,WV,Marshall,12.2
54053,WV,Mason,10.3
54055,WV,Mercer,16.4
54057,WV,Mineral,13
54059,WV,Mingo,9
54061,WV,Monongalia,35.8
54063,WV,Monroe,13.3
54065,WV,Morgan,12.7
54067,WV,Nicholas,13
54069,WV,Ohio,25.9
54071,WV,Pendleton,13.1
54073,WV,Pleasants,10.4
54075,WV,Pocahontas,13.5
54077,WV,Preston,11.6
54079,WV,Putnam,23.8
54081,WV,Raleigh,15.4
54083,WV,Randolph,17.6
54085,WV,Ritchie,10.3
54087,WV,Roane,9.1
54089,WV,Summers,11.2
54091,WV,Taylor,14.5
54093,WV,Tucker,13.7
54095,WV,Tyler,8.3
54097,WV,Upshur,15.2
54099,WV,Wayne,12.7
54101,WV,Webster,8
54103,WV,Wetzel,12.6
54105,WV,Wirt,11
54107,WV,Wood,19.1
54109,WV,Wyoming,9.3
55001,WI,Adams,10.8
55003,WI,Ashland,20.7
55005,WI,Barron,17.6
55007,WI,Bayfield,26.8
55009,WI,Brown,25.6
55011,WI,Buffalo,15.5
55013,WI,Burnett,16
55015,WI,Calumet,25.3
55017,WI,Chippewa,17.5
55019,WI,Clark,11.3
55021,WI,Columbia,19.9
55023,WI,Crawford,15.9
55025,WI,Dane,45.4
55027,WI,Dodge,15.2
55029,WI,Door,27.5
55031,WI,Douglas,22
55033,WI,Dunn,24.9
55035,WI,Eau Claire,30.2
55037,WI,Florence,12.1
55039,WI,Fond du Lac,18
55041,WI,Forest,12
55043,WI,Grant,19.2
55045,WI,Green,18.8
55047,WI,Green Lake,16.5
55049,WI,Iowa,22.3
55051,WI,Iron,17.9
55053,WI,Jackson,14.8
55055,WI,Jefferson,22.7
55057,WI,Juneau,12.1
55059,WI,Kenosha,22.5
55061,WI,Kewaunee,13.6
55063,WI,La Crosse,28.8
55065,WI,Lafayette,15.9
55067,WI,Langlade,12.9
55069,WI,Lincoln,14.7
55071,WI,Manitowoc,17.5
55073,WI,Marathon,20.8
55075,WI,Marinette,14.2
55077,WI,Marquette,12.8
55078,WI,Menominee,10.5
55079,WI,Milwaukee,26.7
55081,WI,Monroe,16.4
55083,WI,Oconto,13.2
55085,WI,Oneida,22.4
55087,WI,Outagamie,25.8
55089,WI,Ozaukee,43.1
55091,WI,Pepin,17.2
55093,WI,Pierce,25.4
55095,WI,Polk,18.4
55097,WI,Portage,27.1
55099,WI,Price,15.3
55101,WI,Racine,23.1
55103,WI,Richland,14.4
55105,WI,Rock,19.8
55107,WI,Rusk,14.8
55109,WI,St. Croix,32.5
55111,WI,Sauk,20
55113,WI,Sawyer,20.5
55115,WI,Shawano,14.4
55117,WI,Sheboygan,20.5
55119,WI,Taylor,13.6
55121,WI,Trempealeau,17.1
55123,WI,Vernon,18.8
55125,WI,Vilas,25
55127,WI,Walworth,25.1
55129,WI,Washburn,18.7
55131,WI,Washington,26
55133,WI,Waukesha,39.2
55135,WI,Waupaca,16.1
55137,WI,Waushara,13.3
55139,WI,Winnebago,23.7
55141,WI,Wood,19.2
56001,WY,Albany,47.4
56003,WY,Big Horn,20.3
56005,WY,Campbell,17.6
56007,WY,Carbon,17.9
56009,WY,Converse,17.6
56011,WY,Crook,22.8
56013,WY,Fremont,22.8
56015,WY,Goshen,19.6
56017,WY,Hot Springs,19.3
56019,WY,Johnson,25.3
56021,WY,Laramie,22.9
56023,WY,Lincoln,19.3
56025,WY,Natrona,20.9
56027,WY,Niobrara,19.7
56029,WY,Park,27.7
56031,WY,Platte,17.3
56033,WY,Sheridan,23.1
56035,WY,Sublette,22.8
56037,WY,Sweetwater,17.1
56039,WY,Teton,49.7
56041,WY,Uinta,17.4
56043,WY,Washakie,24.5
56045,WY,Weston,17.9